Country Name,year,Income share held by fourth 20%,Income share held by highest 20%,Income share held by lowest 20%,Income share held by second 20%,Income share held by third 20%
Albania,1996,23.3,36.1,9.2,13.7,17.7
Albania,2002,22.2,40.4,8.4,12.6,16.5
Albania,2005,22.5,39.2,8.4,12.9,17.0
Albania,2008,22.2,39.0,8.9,13.1,16.8
Albania,2012,22.8,37.8,8.9,13.2,17.3
Albania,2014,23.3,41.7,7.0,11.5,16.4
Albania,2015,23.0,40.8,7.7,12.1,16.5
Albania,2016,23.3,41.1,7.3,11.8,16.4
Albania,2017,23.3,40.7,7.5,12.0,16.5
Algeria,1988,20.6,47.2,6.5,10.7,14.9
Algeria,1995,22.6,42.6,7.0,11.6,16.2
Algeria,2011,22.3,37.2,9.4,13.7,17.5
Angola,2000,20.2,56.1,3.2,7.8,12.7
Angola,2008,21.9,48.5,5.4,9.6,14.5
Angola,2018,20.4,55.6,3.8,7.7,12.6
Argentina,1980,22.6,46.6,5.3,10.2,15.4
Argentina,1986,21.9,48.4,5.1,9.8,14.8
Argentina,1987,21.5,50.5,4.6,9.2,14.2
Argentina,1991,20.3,52.5,4.8,9.1,13.3
Argentina,1992,21.5,50.9,4.6,9.2,13.9
Argentina,1993,22.0,49.9,4.5,9.3,14.3
Argentina,1994,21.6,51.0,4.4,9.0,14.0
Argentina,1995,20.8,53.8,3.8,8.4,13.3
Argentina,1996,21.2,54.0,3.5,8.2,13.1
Argentina,1997,21.3,53.7,3.5,8.2,13.2
Argentina,1998,21.0,55.1,3.4,7.8,12.7
Argentina,1999,21.3,54.2,3.5,8.0,13.1
Argentina,2000,21.3,55.1,3.2,7.6,12.8
Argentina,2001,21.1,57.0,2.6,7.1,12.3
Argentina,2002,20.3,57.8,2.8,6.9,12.2
Argentina,2003,21.5,55.1,3.2,7.5,12.7
Argentina,2004,22.1,52.7,3.5,8.1,13.6
Argentina,2005,22.1,52.2,3.7,8.3,13.7
Argentina,2006,22.6,50.8,3.7,8.7,14.2
Argentina,2007,22.5,50.8,3.9,8.6,14.2
Argentina,2008,22.9,49.6,4.0,9.0,14.5
Argentina,2009,23.1,48.5,4.1,9.3,15.0
Argentina,2010,22.8,49.0,4.1,9.2,14.9
Argentina,2011,22.8,47.8,4.8,9.6,15.0
Argentina,2012,23.3,46.5,5.0,9.9,15.3
Argentina,2013,23.4,46.1,5.0,10.0,15.5
Argentina,2014,23.3,46.8,5.0,9.7,15.2
Argentina,2016,23.0,47.1,4.9,9.7,15.2
Argentina,2017,23.2,46.4,5.1,10.0,15.4
Argentina,2018,23.2,46.5,5.0,9.9,15.4
Armenia,1999,21.2,44.2,7.6,11.6,15.4
Armenia,2001,20.9,43.9,7.7,11.9,15.6
Armenia,2002,20.8,43.5,8.0,12.0,15.6
Armenia,2003,20.8,42.2,8.7,12.4,15.9
Armenia,2004,20.2,45.8,7.6,11.5,15.0
Armenia,2005,20.2,44.7,8.1,11.8,15.2
Armenia,2006,22.1,38.8,8.9,13.1,17.0
Armenia,2007,22.1,40.0,8.4,12.8,16.7
Armenia,2008,22.4,38.4,9.1,13.1,17.0
Armenia,2009,22.4,37.5,9.4,13.5,17.2
Armenia,2010,21.7,39.4,9.1,13.0,16.8
Armenia,2011,22.2,38.6,9.0,13.2,17.0
Armenia,2012,22.0,38.7,9.0,13.2,17.1
Armenia,2013,22.2,39.4,8.6,12.9,16.9
Armenia,2014,22.0,40.1,8.4,12.7,16.9
Armenia,2015,21.8,40.7,8.2,12.6,16.7
Armenia,2016,22.8,40.2,7.9,12.1,17.0
Armenia,2017,20.9,42.4,8.4,12.4,15.9
Armenia,2018,20.8,43.0,8.1,12.2,15.9
Australia,1981,23.4,39.2,7.7,12.9,16.9
Australia,1985,23.1,40.2,7.5,12.6,16.6
Australia,1989,23.2,40.6,7.3,12.4,16.6
Australia,1995,22.9,40.4,7.6,12.5,16.7
Australia,2001,23.1,40.9,7.4,12.1,16.4
Australia,2003,23.1,40.9,7.4,12.1,16.5
Australia,2004,22.8,40.9,7.7,12.2,16.4
Australia,2008,22.5,42.7,7.2,11.6,15.9
Australia,2010,22.7,42.0,7.3,11.8,16.1
Australia,2014,22.1,42.1,7.4,12.2,16.1
Austria,1987,22.9,33.3,10.4,14.8,18.5
Austria,1994,22.6,39.4,8.0,13.0,17.0
Austria,1995,24.0,37.9,7.0,13.2,17.9
Austria,1997,23.0,38.4,8.1,13.2,17.3
Austria,2000,22.9,37.5,8.6,13.4,17.5
Austria,2003,22.7,38.1,8.5,13.4,17.4
Austria,2004,22.5,38.5,8.5,13.2,17.2
Austria,2005,22.8,37.5,8.8,13.4,17.5
Austria,2006,22.6,38.3,8.6,13.3,17.2
Austria,2007,22.9,38.7,8.0,13.1,17.3
Austria,2008,22.6,38.6,8.0,13.3,17.5
Austria,2009,22.6,39.3,7.7,13.0,17.3
Austria,2010,22.9,38.4,8.0,13.2,17.5
Austria,2011,23.0,38.7,7.8,13.1,17.4
Austria,2012,23.0,38.4,7.8,13.3,17.5
Austria,2013,22.7,38.9,8.1,13.1,17.2
Austria,2014,22.7,38.7,8.0,13.2,17.5
Austria,2015,22.9,38.4,7.9,13.2,17.6
Austria,2016,23.0,38.6,7.7,13.2,17.6
Austria,2017,23.1,37.8,8.0,13.3,17.8
Azerbaijan,1995,22.5,42.0,7.1,12.0,16.4
Azerbaijan,2001,21.2,44.5,7.4,11.5,15.3
Azerbaijan,2002,21.0,36.7,10.9,14.3,17.1
Azerbaijan,2003,21.4,37.4,10.2,13.9,17.1
Azerbaijan,2004,20.8,37.8,10.7,14.0,16.7
Azerbaijan,2005,20.9,37.8,10.8,13.9,16.6
Bangladesh,1983,22.3,35.8,9.7,14.3,17.9
Bangladesh,1985,21.7,37.2,10.0,13.8,17.2
Bangladesh,1988,21.6,38.6,9.4,13.4,17.0
Bangladesh,1991,22.0,37.4,9.6,13.6,17.3
Bangladesh,1995,20.6,42.4,8.8,12.5,15.7
Bangladesh,2000,21.0,42.7,8.6,12.1,15.6
Bangladesh,2005,20.9,42.5,8.8,12.2,15.6
Bangladesh,2010,21.2,41.5,8.9,12.5,16.0
Bangladesh,2016,21.4,41.4,8.6,12.4,16.1
Belarus,1998,22.6,40.1,7.9,12.6,16.9
Belarus,1999,23.2,39.4,7.6,12.6,17.2
Belarus,2000,23.0,39.1,7.9,12.9,17.2
Belarus,2001,22.7,38.9,8.2,13.0,17.2
Belarus,2002,22.6,38.8,8.3,13.1,17.2
Belarus,2003,22.8,37.6,8.6,13.5,17.5
Belarus,2004,22.9,35.9,9.4,14.0,17.9
Belarus,2005,23.0,36.5,8.9,13.8,17.8
Belarus,2006,22.9,37.1,8.8,13.5,17.7
Belarus,2007,22.5,38.4,8.6,13.2,17.3
Belarus,2008,22.9,36.8,9.0,13.6,17.7
Belarus,2009,22.4,37.0,9.1,13.8,17.7
Belarus,2010,22.8,37.5,8.8,13.4,17.5
Belarus,2011,22.8,36.3,9.2,13.9,17.8
Belarus,2012,22.5,36.1,9.5,14.0,17.9
Belarus,2013,22.5,36.2,9.5,14.0,17.8
Belarus,2014,22.4,36.7,9.3,14.0,17.7
Belarus,2015,22.6,35.5,9.7,14.3,18.0
Belarus,2016,22.3,35.5,9.9,14.4,17.9
Belarus,2017,22.5,35.5,9.9,14.2,17.9
Belarus,2018,22.3,35.5,10.1,14.4,17.8
Belgium,1985,22.8,34.9,9.7,14.4,18.2
Belgium,1988,22.7,35.3,9.6,14.3,18.1
Belgium,1992,23.0,34.5,9.5,14.6,18.4
Belgium,1995,22.5,37.3,8.6,13.9,17.7
Belgium,1997,22.7,36.1,9.0,14.3,17.9
Belgium,2000,20.8,41.7,8.4,12.9,16.3
Belgium,2003,22.7,37.0,8.5,13.9,17.9
Belgium,2004,21.9,39.2,8.4,13.4,17.1
Belgium,2005,22.2,38.2,8.7,13.6,17.3
Belgium,2006,22.7,36.9,8.7,13.9,17.7
Belgium,2007,22.3,38.0,8.6,13.6,17.4
Belgium,2008,22.7,37.2,8.7,13.9,17.6
Belgium,2009,22.7,37.2,8.5,13.9,17.7
Belgium,2010,22.5,37.2,8.6,13.9,17.8
Belgium,2011,22.7,36.8,8.6,14.0,18.0
Belgium,2012,22.8,36.4,8.7,14.2,18.0
Belgium,2013,23.0,36.4,8.6,14.1,18.0
Belgium,2014,22.8,36.9,8.6,13.9,17.8
Belgium,2015,22.7,36.5,8.6,14.0,18.1
Belgium,2016,22.7,36.4,8.6,14.1,18.1
Belgium,2017,22.7,36.3,8.7,14.2,18.1
Belize,1993,16.2,64.3,3.0,6.5,10.0
Belize,1994,15.2,65.4,3.1,6.5,9.8
Belize,1996,17.6,61.3,3.4,7.1,10.7
Belize,1997,16.6,64.1,2.6,6.4,10.2
Belize,1998,19.1,59.3,3.3,7.0,11.3
Belize,1999,19.4,57.7,3.2,7.7,12.0
Benin,2003,20.9,46.2,7.0,10.9,15.0
Benin,2011,20.2,50.7,6.1,9.6,13.4
Benin,2015,20.8,52.1,3.2,9.6,14.2
Bhutan,2003,21.3,48.0,6.5,10.0,14.2
Bhutan,2007,22.1,45.1,6.7,10.8,15.3
Bhutan,2012,21.4,46.1,6.7,10.8,15.0
Bhutan,2017,22.7,44.4,6.7,10.8,15.5
Bolivia,1992,19.7,54.7,4.6,8.5,12.5
Bolivia,1997,18.8,61.7,2.0,6.4,11.1
Bolivia,1999,20.8,60.5,1.3,5.7,11.7
Bolivia,2000,18.8,64.2,1.1,5.3,10.7
Bolivia,2001,19.5,60.6,1.9,6.5,11.6
Bolivia,2002,18.9,62.4,1.7,6.1,11.0
Bolivia,2004,18.8,59.5,3.1,7.2,11.4
Bolivia,2005,19.2,62.0,2.0,6.1,10.8
Bolivia,2006,19.8,60.1,2.3,6.5,11.3
Bolivia,2007,19.8,58.7,2.9,6.8,11.8
Bolivia,2008,20.9,54.8,3.2,8.0,13.1
Bolivia,2009,21.3,53.2,3.2,8.5,13.9
Bolivia,2011,22.2,50.6,3.8,9.2,14.3
Bolivia,2012,22.5,50.6,3.4,9.0,14.5
Bolivia,2013,21.7,51.9,3.6,8.8,14.0
Bolivia,2014,21.3,52.3,3.8,8.8,13.8
Bolivia,2015,21.8,51.1,3.9,9.0,14.2
Bolivia,2016,22.8,49.0,3.9,9.5,14.9
Bolivia,2017,22.8,48.5,4.1,9.5,15.0
Bolivia,2018,22.9,47.2,4.6,10.1,15.3
Bosnia and Herzegovina,2001,22.1,38.8,8.8,13.3,17.0
Bosnia and Herzegovina,2004,22.4,41.8,7.4,12.1,16.3
Bosnia and Herzegovina,2007,23.0,40.7,7.5,12.2,16.6
Bosnia and Herzegovina,2011,22.9,40.7,7.5,12.3,16.7
Botswana,1985,19.2,58.9,3.6,6.9,11.4
Botswana,1993,16.4,64.9,3.0,5.9,9.8
Botswana,2002,15.8,69.5,2.3,4.6,7.8
Botswana,2009,16.9,65.0,2.8,5.7,9.5
Botswana,2015,19.5,58.5,3.9,7.0,11.1
Brazil,1981,18.4,62.3,2.7,6.2,10.5
Brazil,1982,18.3,62.7,2.6,6.0,10.3
Brazil,1983,18.1,63.4,2.6,5.9,10.0
Brazil,1984,18.1,62.9,2.7,6.0,10.2
Brazil,1985,19.6,60.0,2.9,6.5,11.0
Brazil,1986,18.2,62.8,2.7,6.0,10.3
Brazil,1987,18.1,63.7,2.4,5.7,10.1
Brazil,1988,17.5,65.5,2.1,5.3,9.6
Brazil,1989,16.8,67.3,2.0,5.0,8.9
Brazil,1990,17.9,64.6,2.3,5.5,9.7
Brazil,1992,20.8,57.1,2.8,7.1,12.2
Brazil,1993,17.5,64.3,2.4,5.8,10.1
Brazil,1995,17.9,63.8,2.4,5.8,10.1
Brazil,1996,18.2,63.9,2.2,5.7,10.0
Brazil,1997,18.1,63.8,2.3,5.7,10.0
Brazil,1998,17.9,63.8,2.4,5.8,10.0
Brazil,1999,18.0,63.3,2.5,6.0,10.3
Brazil,2001,18.5,62.5,2.5,6.0,10.5
Brazil,2002,18.3,62.4,2.6,6.1,10.5
Brazil,2003,18.7,61.8,2.6,6.2,10.7
Brazil,2004,18.8,60.8,2.9,6.5,11.0
Brazil,2005,18.7,60.7,2.9,6.5,11.1
Brazil,2006,18.8,60.1,3.0,6.7,11.2
Brazil,2007,19.2,59.3,3.0,6.9,11.6
Brazil,2008,19.3,58.6,3.2,7.1,11.8
Brazil,2009,19.4,58.2,3.2,7.2,11.9
Brazil,2011,19.5,57.5,3.3,7.5,12.2
Brazil,2012,19.1,58.2,3.3,7.4,12.0
Brazil,2013,19.3,57.6,3.5,7.5,12.2
Brazil,2014,19.4,57.0,3.6,7.7,12.3
Brazil,2015,19.5,56.8,3.6,7.7,12.4
Brazil,2016,19.2,58.0,3.3,7.4,12.1
Brazil,2017,19.4,57.8,3.2,7.4,12.2
Brazil,2018,19.2,58.4,3.1,7.3,12.0
Bulgaria,1992,22.3,39.3,8.3,13.0,17.1
Bulgaria,2006,22.9,41.8,5.7,12.6,17.1
Bulgaria,2007,22.3,43.0,6.5,11.9,16.3
Bulgaria,2008,22.6,41.0,6.9,12.6,16.9
Bulgaria,2009,22.8,40.9,6.8,12.5,17.0
Bulgaria,2010,22.7,42.2,6.3,12.1,16.7
Bulgaria,2011,22.7,41.1,6.4,12.7,17.1
Bulgaria,2012,22.4,42.7,6.2,12.2,16.6
Bulgaria,2013,22.6,42.9,5.7,12.2,16.7
Bulgaria,2014,22.1,43.9,6.0,11.8,16.2
Bulgaria,2015,22.6,44.3,5.3,11.6,16.2
Bulgaria,2016,21.8,46.4,5.4,11.0,15.5
Bulgaria,2017,21.3,46.6,5.7,11.0,15.4
Burkina Faso,1994,18.8,55.0,5.5,8.7,12.0
Burkina Faso,1998,17.5,56.6,5.1,8.7,12.1
Burkina Faso,2003,20.9,49.8,5.8,9.7,13.9
Burkina Faso,2009,20.9,47.1,6.7,10.7,14.7
Burkina Faso,2014,20.6,44.3,8.3,11.7,15.0
Burundi,1992,22.0,41.6,7.9,12.1,16.3
Burundi,1998,21.5,48.0,5.1,10.3,15.1
Burundi,2006,21.0,42.9,8.9,11.9,15.3
Burundi,2013,20.8,46.3,6.9,11.0,15.0
Cabo Verde,2001,18.6,58.0,4.2,7.6,11.7
Cabo Verde,2007,20.0,53.3,5.0,8.7,13.0
Cabo Verde,2015,21.6,48.7,5.7,9.7,14.3
Cameroon,1996,19.6,51.7,6.1,9.5,13.0
Cameroon,2001,20.6,49.0,6.2,10.0,14.2
Cameroon,2007,21.5,49.1,5.8,9.5,14.0
Cameroon,2014,21.6,51.7,4.5,8.5,13.7
Canada,1975,23.2,40.4,6.8,12.6,17.0
Canada,1981,23.2,39.9,7.3,12.7,17.0
Canada,1987,23.0,39.3,7.6,12.9,17.1
Canada,1991,23.1,38.9,7.7,13.1,17.2
Canada,1994,23.0,39.1,7.6,13.0,17.2
Canada,1997,23.1,39.2,7.4,12.9,17.4
Canada,1998,22.8,40.5,7.1,12.6,17.0
Canada,2000,22.8,40.6,7.1,12.5,17.0
Canada,2004,22.9,40.9,7.0,12.4,16.9
Canada,2007,22.6,41.2,7.2,12.3,16.6
Canada,2010,22.7,40.9,7.2,12.4,16.8
Canada,2013,23.3,40.6,6.7,12.4,17.0
Central African Republic,1992,18.5,65.0,2.0,4.9,9.6
Central African Republic,2003,21.8,49.4,5.2,9.4,14.2
Central African Republic,2008,17.7,60.9,3.3,7.0,11.1
Chad,2003,21.9,46.5,6.3,10.4,14.9
Chad,2011,21.8,48.8,4.9,9.7,14.8
Chile,1987,17.9,61.4,3.3,6.7,10.6
Chile,1990,17.3,62.5,3.4,6.6,10.3
Chile,1992,17.9,60.1,3.8,7.2,11.0
Chile,1994,17.7,61.5,3.5,6.7,10.6
Chile,1996,18.2,60.1,3.6,7.1,11.0
Chile,1998,18.0,60.7,3.5,6.9,10.9
Chile,2000,18.7,58.0,3.8,7.7,11.8
Chile,2003,19.1,56.8,4.0,7.9,12.2
Chile,2006,19.6,53.4,5.0,8.9,13.0
Chile,2009,19.3,53.4,5.2,9.1,13.0
Chile,2011,19.6,52.6,5.3,9.3,13.2
Chile,2013,19.4,52.6,5.5,9.3,13.2
Chile,2015,19.8,51.2,5.7,9.7,13.6
Chile,2017,19.7,51.3,5.8,9.7,13.6
China,1990,22.1,40.8,8.3,12.4,16.4
China,1996,22.4,42.9,7.4,11.5,15.9
China,1999,22.3,45.6,6.5,10.5,15.1
China,2002,22.3,48.0,5.6,9.6,14.5
China,2005,22.2,47.1,5.8,10.1,14.7
China,2008,22.5,48.4,5.2,9.4,14.5
China,2010,22.3,49.0,5.1,9.2,14.3
China,2011,22.3,48.1,5.4,9.6,14.6
China,2012,22.4,47.8,5.3,9.7,14.7
China,2013,22.1,46.3,6.2,10.3,15.0
China,2014,22.3,45.8,6.2,10.5,15.2
China,2015,22.3,45.4,6.4,10.6,15.3
China,2016,22.2,45.3,6.5,10.7,15.3
Colombia,1992,19.4,56.7,3.7,8.0,12.2
Colombia,1996,18.5,60.8,2.4,7.0,11.3
Colombia,1999,18.2,62.4,2.0,6.5,10.9
Colombia,2000,18.1,62.2,1.9,6.7,11.0
Colombia,2001,18.4,61.2,2.4,6.9,11.1
Colombia,2002,18.4,60.4,3.1,6.9,11.1
Colombia,2003,18.9,58.4,3.5,7.5,11.7
Colombia,2004,18.4,59.9,3.5,7.1,11.1
Colombia,2005,18.8,58.8,3.6,7.4,11.5
Colombia,2008,19.0,59.9,3.0,6.8,11.3
Colombia,2009,19.2,58.9,3.3,7.1,11.6
Colombia,2010,19.0,59.3,3.3,7.1,11.4
Colombia,2011,19.3,58.2,3.5,7.3,11.7
Colombia,2012,19.7,57.3,3.5,7.5,12.0
Colombia,2013,19.6,57.5,3.5,7.5,12.0
Colombia,2014,19.5,57.4,3.5,7.5,12.0
Colombia,2015,20.0,55.9,3.8,7.9,12.5
Colombia,2016,19.9,55.7,3.9,8.0,12.6
Colombia,2017,20.1,54.8,4.1,8.3,12.8
Colombia,2018,19.9,55.4,4.0,8.1,12.6
Comoros,2004,16.6,61.4,4.0,7.3,10.8
Comoros,2014,22.2,50.4,4.5,9.1,13.9
"Congo, Dem. Rep.",2004,21.6,48.5,5.7,9.9,14.3
"Congo, Dem. Rep.",2012,21.6,48.4,5.5,10.0,14.5
"Congo, Rep.",2005,20.4,53.3,4.9,8.6,12.9
"Congo, Rep.",2011,20.7,53.7,4.2,8.2,13.2
Costa Rica,1981,22.8,51.4,3.3,8.3,14.1
Costa Rica,1986,24.9,39.6,5.2,12.2,18.1
Costa Rica,1989,22.4,50.6,3.2,9.2,14.6
Costa Rica,1990,22.5,49.6,3.8,9.5,14.6
Costa Rica,1991,22.1,50.9,3.6,9.1,14.4
Costa Rica,1992,22.0,50.3,4.0,9.4,14.4
Costa Rica,1993,22.1,50.6,3.9,9.2,14.3
Costa Rica,1994,21.4,51.5,4.0,9.1,14.0
Costa Rica,1995,22.0,50.4,4.0,9.3,14.3
Costa Rica,1996,21.9,51.2,3.8,9.1,14.0
Costa Rica,1997,21.8,50.6,4.2,9.2,14.2
Costa Rica,1998,21.7,50.8,4.3,9.2,14.1
Costa Rica,1999,21.1,52.6,3.9,8.8,13.5
Costa Rica,2000,21.5,52.1,3.9,8.9,13.7
Costa Rica,2001,20.1,56.2,3.5,7.8,12.3
Costa Rica,2002,19.7,56.8,3.5,7.8,12.2
Costa Rica,2003,21.1,54.0,3.7,8.2,13.0
Costa Rica,2004,21.1,53.3,4.0,8.5,13.1
Costa Rica,2005,21.0,52.8,4.2,8.7,13.3
Costa Rica,2006,20.0,54.9,4.1,8.3,12.7
Costa Rica,2007,19.7,55.0,4.3,8.4,12.6
Costa Rica,2008,20.3,54.2,4.3,8.5,12.8
Costa Rica,2009,19.9,55.9,4.0,8.0,12.3
Costa Rica,2010,20.4,53.8,4.4,8.5,12.9
Costa Rica,2011,20.7,54.0,4.2,8.3,12.8
Costa Rica,2012,20.6,53.9,4.2,8.3,12.9
Costa Rica,2013,20.7,54.5,4.1,8.2,12.5
Costa Rica,2014,20.8,53.9,4.2,8.3,12.8
Costa Rica,2015,20.6,53.9,4.3,8.4,12.8
Costa Rica,2016,20.6,54.0,4.2,8.3,12.8
Costa Rica,2017,20.5,54.0,4.4,8.4,12.8
Costa Rica,2018,20.9,53.3,4.3,8.5,13.0
Cote d'Ivoire,1985,20.7,51.3,4.9,9.3,13.8
Cote d'Ivoire,1986,21.6,45.4,6.9,10.9,15.2
Cote d'Ivoire,1987,21.0,47.6,6.3,10.4,14.8
Cote d'Ivoire,1988,22.5,43.9,6.8,11.3,15.5
Cote d'Ivoire,1992,22.3,45.8,6.0,10.6,15.3
Cote d'Ivoire,1995,21.1,47.6,6.6,10.2,14.5
Cote d'Ivoire,1998,21.4,46.2,6.4,10.8,15.2
Cote d'Ivoire,2002,20.6,48.5,6.1,10.6,14.3
Cote d'Ivoire,2008,21.7,49.0,5.1,9.8,14.3
Cote d'Ivoire,2015,21.6,47.8,5.7,10.2,14.6
Croatia,1988,22.6,33.3,10.3,15.2,18.6
Croatia,2009,23.3,39.7,6.9,12.7,17.3
Croatia,2010,23.5,39.4,6.9,12.9,17.4
Croatia,2011,23.6,39.2,6.9,12.7,17.5
Croatia,2012,23.7,39.5,6.9,12.7,17.3
Croatia,2013,23.6,39.1,7.1,12.8,17.5
Croatia,2014,23.5,39.1,7.1,12.8,17.5
Croatia,2015,23.5,38.4,7.3,13.1,17.8
Croatia,2016,23.4,38.3,7.3,13.2,17.8
Croatia,2017,23.3,37.9,7.4,13.3,18.0
Cyprus,2004,22.3,39.0,8.8,13.0,17.0
Cyprus,2005,22.0,39.3,8.9,12.9,16.9
Cyprus,2006,21.6,40.1,8.8,12.8,16.7
Cyprus,2007,21.9,40.0,8.7,12.6,16.7
Cyprus,2008,21.6,40.6,8.6,12.5,16.6
Cyprus,2009,21.9,40.8,8.5,12.5,16.4
Cyprus,2010,21.8,40.4,8.6,12.8,16.4
Cyprus,2011,21.6,41.3,8.4,12.5,16.2
Cyprus,2012,21.4,42.7,8.0,12.1,15.8
Cyprus,2013,20.7,45.1,7.7,11.4,15.1
Cyprus,2014,21.3,43.6,7.6,11.8,15.8
Cyprus,2015,21.7,42.1,7.8,12.1,16.2
Cyprus,2016,21.7,41.4,8.2,12.4,16.3
Cyprus,2017,21.9,40.2,8.4,12.9,16.7
Czech Republic,1992,21.7,32.6,11.7,15.6,18.4
Czech Republic,1993,21.4,37.2,10.4,13.9,17.0
Czech Republic,1996,21.9,36.0,9.8,14.6,17.7
Czech Republic,2002,21.8,36.5,9.5,14.4,17.8
Czech Republic,2004,21.9,37.0,9.0,14.3,17.7
Czech Republic,2005,21.7,36.7,9.3,14.5,17.8
Czech Republic,2006,21.9,36.5,9.3,14.5,17.7
Czech Republic,2007,21.8,36.2,9.7,14.6,17.7
Czech Republic,2008,21.6,36.5,9.8,14.6,17.6
Czech Republic,2009,21.9,36.2,9.6,14.6,17.7
Czech Republic,2010,22.0,36.4,9.4,14.5,17.7
Czech Republic,2011,22.0,36.2,9.3,14.6,17.9
Czech Republic,2012,21.9,36.1,9.6,14.5,17.9
Czech Republic,2013,21.8,36.4,9.4,14.5,17.8
Czech Republic,2014,21.9,36.0,9.7,14.6,17.8
Czech Republic,2015,21.9,35.9,9.7,14.7,17.8
Czech Republic,2016,21.8,35.8,10.0,14.7,17.7
Czech Republic,2017,22.0,35.4,10.2,14.7,17.7
Denmark,1987,22.5,35.7,9.4,14.4,17.9
Denmark,1992,22.6,34.5,9.8,14.9,18.2
Denmark,1995,22.5,33.6,10.7,14.9,18.2
Denmark,2000,22.6,34.2,10.4,14.7,18.1
Denmark,2003,22.5,35.5,9.8,14.3,17.9
Denmark,2004,22.6,34.9,9.9,14.5,18.0
Denmark,2005,22.5,35.2,9.8,14.6,17.9
Denmark,2006,22.3,35.8,9.8,14.3,17.7
Denmark,2007,22.1,36.1,9.8,14.4,17.6
Denmark,2008,22.5,35.2,9.8,14.5,18.0
Denmark,2009,22.5,36.1,9.2,14.3,17.9
Denmark,2010,22.3,36.7,9.3,14.1,17.6
Denmark,2011,22.3,36.8,9.4,14.0,17.5
Denmark,2012,22.1,37.3,9.3,14.0,17.4
Denmark,2013,21.9,37.9,9.1,13.8,17.3
Denmark,2014,22.0,37.7,9.1,13.9,17.3
Denmark,2015,21.8,37.7,9.4,13.9,17.2
Denmark,2016,22.0,37.6,9.2,13.9,17.4
Denmark,2017,21.9,38.1,9.1,13.7,17.2
Djibouti,2002,21.8,46.5,6.0,10.6,15.1
Djibouti,2012,21.2,50.3,4.3,9.8,14.4
Djibouti,2013,20.9,50.0,4.9,9.7,14.6
Djibouti,2017,21.5,47.6,5.4,10.4,15.1
Dominican Republic,1986,21.4,52.4,3.9,8.6,13.8
Dominican Republic,1989,19.9,55.5,4.2,7.9,12.5
Dominican Republic,1992,18.9,56.5,4.3,8.1,12.3
Dominican Republic,1996,20.7,52.7,4.3,8.8,13.5
Dominican Republic,1997,20.6,53.7,4.0,8.5,13.3
Dominican Republic,2000,20.1,56.2,3.7,7.7,12.3
Dominican Republic,2001,19.9,55.2,4.1,8.1,12.7
Dominican Republic,2002,20.6,54.4,3.8,8.2,13.0
Dominican Republic,2003,19.3,57.1,3.8,7.7,12.1
Dominican Republic,2004,19.2,57.1,3.9,7.8,12.0
Dominican Republic,2005,19.9,55.3,4.1,8.1,12.6
Dominican Republic,2006,19.4,57.0,3.9,7.7,12.0
Dominican Republic,2007,19.8,54.4,4.4,8.4,12.9
Dominican Republic,2008,20.2,53.6,4.6,8.5,13.0
Dominican Republic,2009,19.8,54.6,4.5,8.4,12.8
Dominican Republic,2010,20.8,52.9,4.6,8.5,13.1
Dominican Republic,2011,20.6,53.2,4.7,8.6,12.9
Dominican Republic,2012,20.6,52.0,4.9,9.0,13.5
Dominican Republic,2013,19.9,53.6,4.8,8.7,13.0
Dominican Republic,2014,21.5,50.2,5.1,9.3,13.9
Dominican Republic,2015,20.9,51.1,5.0,9.3,13.8
Dominican Republic,2016,20.8,51.5,4.9,9.0,13.8
Dominican Republic,2017,20.6,48.9,5.9,10.2,14.4
Dominican Republic,2018,20.4,50.1,5.8,9.8,13.9
Ecuador,1994,19.1,57.9,3.2,7.7,12.0
Ecuador,1999,17.7,62.5,2.6,6.5,10.7
Ecuador,2000,18.1,60.7,3.0,7.0,11.2
Ecuador,2003,19.5,57.9,3.3,7.4,11.9
Ecuador,2004,19.4,58.3,3.2,7.3,11.8
Ecuador,2005,19.9,57.5,3.2,7.4,12.0
Ecuador,2006,19.6,56.9,3.7,7.7,12.1
Ecuador,2007,19.4,58.0,3.5,7.4,11.7
Ecuador,2008,20.6,54.6,3.8,8.1,12.9
Ecuador,2009,20.8,53.5,4.1,8.5,13.1
Ecuador,2010,20.5,53.9,4.2,8.4,13.0
Ecuador,2011,21.7,51.0,4.4,9.0,13.9
Ecuador,2012,21.6,51.1,4.3,9.0,14.0
Ecuador,2013,21.0,52.2,4.5,8.7,13.5
Ecuador,2014,21.2,50.6,4.8,9.3,14.0
Ecuador,2015,21.3,51.3,4.6,9.1,13.8
Ecuador,2016,21.4,50.5,4.7,9.4,14.1
Ecuador,2017,21.5,50.1,4.7,9.4,14.3
Ecuador,2018,21.2,51.0,4.6,9.2,14.0
"Egypt, Arab Rep.",1990,21.4,41.1,8.7,12.5,16.3
"Egypt, Arab Rep.",1995,21.2,39.9,9.5,13.0,16.4
"Egypt, Arab Rep.",1999,20.7,42.1,8.9,12.5,15.8
"Egypt, Arab Rep.",2004,20.8,41.4,9.0,12.7,16.1
"Egypt, Arab Rep.",2008,20.8,40.8,9.2,13.0,16.2
"Egypt, Arab Rep.",2010,21.1,40.1,9.4,13.1,16.4
"Egypt, Arab Rep.",2012,21.2,38.6,9.8,13.6,16.7
"Egypt, Arab Rep.",2015,20.6,41.5,9.1,12.8,16.0
"Egypt, Arab Rep.",2017,21.0,41.0,9.0,12.8,16.2
El Salvador,1991,20.1,57.6,2.6,7.4,12.3
El Salvador,1995,20.2,54.5,3.7,8.4,13.1
El Salvador,1996,20.2,55.5,3.5,8.1,12.8
El Salvador,1998,20.8,57.5,2.0,7.0,12.6
El Salvador,1999,21.3,55.7,2.5,7.7,12.9
El Salvador,2000,20.5,55.8,3.2,7.8,12.7
El Salvador,2001,20.9,55.5,3.1,7.8,12.8
El Salvador,2002,20.9,55.7,3.0,7.6,12.7
El Salvador,2003,21.6,54.1,2.8,8.1,13.4
El Salvador,2004,21.6,52.3,3.7,8.8,13.6
El Salvador,2005,21.0,53.2,3.8,8.6,13.3
El Salvador,2006,20.8,51.3,4.8,9.3,13.8
El Salvador,2007,20.5,51.2,5.2,9.4,13.7
El Salvador,2008,20.8,52.5,4.6,8.8,13.3
El Salvador,2009,20.5,51.6,4.9,9.2,13.8
El Salvador,2010,21.5,49.4,5.1,9.6,14.4
El Salvador,2011,21.3,48.7,5.6,10.0,14.5
El Salvador,2012,21.3,48.2,5.7,10.2,14.7
El Salvador,2013,20.7,49.6,5.5,9.8,14.3
El Salvador,2014,21.4,48.0,5.8,10.2,14.7
El Salvador,2015,21.4,47.2,6.1,10.5,14.8
El Salvador,2016,21.9,46.4,5.9,10.6,15.2
El Salvador,2017,22.2,44.7,6.4,11.0,15.7
El Salvador,2018,22.1,45.3,6.2,10.9,15.5
Estonia,1993,21.3,46.3,6.4,10.8,15.2
Estonia,2003,22.0,44.2,6.1,11.9,15.8
Estonia,2004,22.4,41.2,7.1,12.8,16.4
Estonia,2005,22.3,41.3,7.4,12.7,16.3
Estonia,2006,21.9,41.7,7.5,12.6,16.3
Estonia,2007,23.0,39.3,8.0,13.0,16.8
Estonia,2008,22.6,40.1,7.8,13.0,16.6
Estonia,2009,22.5,39.6,7.7,13.2,16.9
Estonia,2010,22.8,39.7,7.2,13.3,17.0
Estonia,2011,22.8,40.3,7.3,13.0,16.6
Estonia,2012,22.6,40.7,7.3,12.9,16.5
Estonia,2013,22.6,42.5,6.8,12.2,15.9
Estonia,2014,22.5,42.1,7.0,12.3,16.1
Estonia,2015,23.2,40.4,7.5,12.5,16.4
Estonia,2016,23.6,39.1,7.8,12.7,16.8
Estonia,2017,23.7,38.4,8.1,12.8,17.0
Eswatini,1994,17.4,64.0,2.5,5.9,10.2
Eswatini,2000,17.5,59.5,4.5,7.5,10.9
Eswatini,2009,19.9,56.7,4.0,7.5,11.8
Eswatini,2016,18.6,60.2,3.7,6.8,10.7
Ethiopia,1995,18.8,51.6,6.3,9.9,13.4
Ethiopia,1999,21.5,39.4,9.1,13.2,16.8
Ethiopia,2004,21.4,39.3,9.4,13.0,16.9
Ethiopia,2010,21.3,41.7,8.0,12.6,16.3
Ethiopia,2015,21.2,43.0,7.3,12.1,16.3
Fiji,2002,21.7,45.4,6.7,11.0,15.2
Fiji,2008,20.5,47.8,6.6,10.8,14.4
Fiji,2013,21.3,44.7,7.5,11.3,15.2
Finland,1987,22.6,33.0,10.8,15.2,18.4
Finland,1991,22.6,33.6,10.7,14.9,18.2
Finland,1995,22.1,34.4,10.8,14.8,17.9
Finland,2000,22.1,36.9,9.6,14.0,17.4
Finland,2003,22.1,37.2,9.4,13.9,17.4
Finland,2004,22.2,37.4,9.4,13.8,17.2
Finland,2005,22.2,37.2,9.5,13.8,17.3
Finland,2006,22.4,37.4,9.2,13.7,17.3
Finland,2007,22.3,37.6,9.2,13.7,17.2
Finland,2008,22.3,37.2,9.3,13.8,17.3
Finland,2009,22.4,36.9,9.3,13.9,17.5
Finland,2010,22.6,37.0,9.2,13.8,17.4
Finland,2011,22.4,37.1,9.3,13.9,17.3
Finland,2012,22.5,36.7,9.4,14.0,17.4
Finland,2013,22.6,36.6,9.3,14.0,17.5
Finland,2014,22.5,36.4,9.4,14.1,17.6
Finland,2015,22.4,36.7,9.4,14.0,17.5
Finland,2016,22.5,36.6,9.4,14.0,17.5
Finland,2017,22.3,36.9,9.4,14.0,17.4
France,1978,22.4,42.3,7.0,12.0,16.3
France,1984,22.0,43.5,6.5,11.9,16.2
France,1989,22.7,39.9,7.5,12.7,17.1
France,1994,22.3,40.5,8.0,12.5,16.8
France,2000,22.6,39.4,8.2,12.8,17.0
France,2003,22.3,39.8,8.2,12.8,16.8
France,2004,22.4,39.2,8.4,12.9,17.0
France,2005,22.5,38.5,8.6,13.2,17.2
France,2006,22.7,38.3,8.5,13.2,17.3
France,2007,21.9,40.9,8.1,12.7,16.5
France,2008,21.9,41.2,7.9,12.6,16.5
France,2009,22.1,40.8,7.7,12.7,16.7
France,2010,21.8,41.8,7.7,12.4,16.3
France,2011,21.8,41.4,7.8,12.5,16.4
France,2012,21.8,41.3,7.8,12.6,16.5
France,2013,21.8,40.9,8.0,12.7,16.6
France,2014,22.0,40.6,8.0,12.7,16.7
France,2015,21.7,40.9,7.9,12.8,16.7
France,2016,22.0,40.2,8.0,12.9,16.9
France,2017,21.9,40.0,8.1,13.0,16.9
Gabon,2005,21.1,48.7,5.8,10.1,14.4
Gabon,2017,23.0,44.4,6.0,10.8,15.7
"Gambia, The",1998,20.3,53.9,4.3,8.6,12.9
"Gambia, The",2003,20.7,52.8,4.8,8.7,13.0
"Gambia, The",2010,20.5,49.8,5.7,9.8,14.1
"Gambia, The",2015,21.8,43.6,7.4,11.6,15.7
Georgia,1996,22.7,43.6,6.1,11.3,16.2
Georgia,1997,22.8,46.1,5.1,10.4,15.6
Georgia,1998,22.2,46.6,5.2,10.5,15.5
Georgia,1999,22.5,45.9,5.4,10.6,15.6
Georgia,2000,22.4,46.2,5.4,10.6,15.4
Georgia,2001,22.1,45.8,5.8,10.9,15.4
Georgia,2002,22.4,43.9,6.3,11.3,16.0
Georgia,2003,23.0,43.2,6.3,11.4,16.2
Georgia,2004,23.1,42.6,6.2,11.5,16.5
Georgia,2005,22.8,43.8,6.2,11.2,16.0
Georgia,2006,22.8,43.5,6.3,11.4,16.0
Georgia,2007,22.4,44.6,6.2,11.1,15.7
Georgia,2008,22.3,45.0,6.1,10.9,15.7
Georgia,2009,22.5,44.7,6.1,11.0,15.7
Georgia,2010,22.5,45.5,5.7,10.7,15.6
Georgia,2011,22.3,45.7,5.6,10.8,15.5
Georgia,2012,22.4,45.3,5.9,10.8,15.6
Georgia,2013,22.5,44.9,6.1,10.8,15.6
Georgia,2014,22.3,44.3,6.4,11.2,15.8
Georgia,2015,22.6,43.4,6.7,11.3,15.9
Georgia,2016,22.2,43.7,6.7,11.5,15.9
Georgia,2017,22.4,44.5,6.3,11.1,15.8
Georgia,2018,22.6,43.2,6.5,11.5,16.2
Germany,1991,23.0,38.0,8.8,13.1,17.2
Germany,1994,22.8,37.8,8.5,13.4,17.5
Germany,1995,22.7,37.6,8.6,13.5,17.5
Germany,1998,23.0,37.2,8.9,13.5,17.4
Germany,2000,22.7,37.7,8.8,13.4,17.4
Germany,2001,22.4,39.1,8.6,13.0,16.9
Germany,2002,22.6,38.6,8.6,13.1,17.1
Germany,2003,22.3,38.8,8.6,13.3,17.1
Germany,2004,22.4,39.1,8.5,13.1,16.9
Germany,2005,22.1,40.5,8.1,12.6,16.7
Germany,2006,22.3,39.8,8.3,12.8,16.7
Germany,2007,22.1,39.9,8.3,12.9,16.8
Germany,2008,22.3,39.6,8.4,12.9,16.8
Germany,2009,22.6,39.0,8.3,13.1,17.0
Germany,2010,22.6,38.8,8.4,13.1,17.1
Germany,2011,22.4,39.1,8.5,13.0,17.0
Germany,2013,22.5,39.5,8.2,12.9,17.0
Germany,2015,22.6,39.7,7.8,12.9,17.0
Germany,2016,22.8,39.6,7.6,12.8,17.1
Ghana,1987,22.3,42.7,7.0,11.7,16.3
Ghana,1988,22.1,43.4,7.0,11.5,16.0
Ghana,1991,21.7,45.6,6.6,10.9,15.2
Ghana,1998,22.7,46.2,5.8,10.3,15.0
Ghana,2005,21.7,48.6,5.2,9.9,14.6
Ghana,2012,21.9,48.3,5.4,9.8,14.6
Ghana,2016,22.3,48.6,4.7,9.6,14.8
Greece,1995,22.9,43.2,5.9,11.5,16.5
Greece,2000,23.1,41.1,6.8,12.0,17.0
Greece,2003,23.3,40.0,7.2,12.4,17.2
Greece,2004,23.0,40.8,7.1,12.3,16.9
Greece,2005,22.7,41.7,6.9,12.0,16.7
Greece,2006,22.6,42.0,6.7,11.9,16.7
Greece,2007,22.6,41.1,7.0,12.3,17.0
Greece,2008,22.5,40.9,7.1,12.5,16.9
Greece,2009,22.5,40.9,7.0,12.5,17.1
Greece,2010,22.9,41.0,6.7,12.3,17.1
Greece,2011,23.3,41.0,6.1,12.2,17.3
Greece,2012,23.2,42.1,5.8,11.7,17.2
Greece,2013,23.2,42.2,5.9,11.8,16.9
Greece,2014,23.3,41.8,5.9,11.9,17.0
Greece,2015,23.5,41.8,5.8,11.8,17.0
Greece,2016,23.2,41.3,6.3,12.2,17.1
Greece,2017,23.0,41.1,6.6,12.3,17.1
Guatemala,1986,18.3,62.0,2.8,6.2,10.7
Guatemala,1989,18.8,62.9,2.1,5.7,10.5
Guatemala,2000,18.5,59.1,3.5,7.4,11.5
Guatemala,2006,19.2,58.9,3.2,7.0,11.8
Guatemala,2014,20.1,53.6,4.5,8.6,13.2
Guinea,1991,23.9,50.2,3.0,8.3,14.6
Guinea,1994,20.6,52.0,5.2,8.8,13.4
Guinea,2002,20.9,49.4,5.8,9.8,14.1
Guinea,2007,22.0,46.3,6.3,10.7,14.8
Guinea,2012,22.4,41.5,7.6,12.2,16.4
Guinea-Bissau,1993,21.0,49.7,5.6,9.5,14.2
Guinea-Bissau,2002,22.0,43.2,7.2,11.8,15.8
Guinea-Bissau,2010,18.3,56.7,4.5,8.3,12.2
Guyana,1998,21.5,49.6,4.5,9.7,14.7
Haiti,2012,21.9,47.1,5.5,10.3,15.2
Honduras,1989,17.8,63.3,2.8,5.9,10.2
Honduras,1990,18.8,61.2,2.8,6.3,10.9
Honduras,1991,19.5,56.7,3.7,7.7,12.3
Honduras,1992,19.2,56.9,3.9,7.8,12.2
Honduras,1993,19.3,58.0,3.6,7.4,11.8
Honduras,1994,19.2,59.3,3.1,7.0,11.4
Honduras,1995,19.0,59.8,3.1,6.8,11.3
Honduras,1996,19.4,59.6,2.9,6.8,11.4
Honduras,1997,19.6,57.2,3.5,7.4,12.2
Honduras,1998,19.3,60.8,2.1,6.4,11.5
Honduras,1999,20.1,59.0,2.3,6.8,11.9
Honduras,2001,20.5,59.1,2.5,6.3,11.6
Honduras,2002,20.0,59.4,2.6,6.5,11.5
Honduras,2003,19.3,61.7,2.3,5.9,10.7
Honduras,2004,19.3,61.8,2.3,5.9,10.7
Honduras,2005,19.0,62.9,1.9,5.6,10.6
Honduras,2006,19.8,60.8,2.1,6.0,11.3
Honduras,2007,19.5,60.0,2.8,6.5,11.2
Honduras,2008,19.7,59.2,2.7,6.7,11.7
Honduras,2009,21.0,55.4,3.3,7.5,12.8
Honduras,2010,20.6,57.1,3.1,7.1,12.0
Honduras,2011,19.0,60.2,2.7,6.7,11.4
Honduras,2012,19.2,59.9,2.8,6.7,11.4
Honduras,2013,20.3,56.7,3.2,7.4,12.3
Honduras,2014,20.7,55.1,3.6,7.7,12.9
Honduras,2015,21.4,54.0,3.6,7.8,13.2
Honduras,2016,21.4,55.0,3.1,7.5,13.0
Honduras,2017,21.2,54.6,3.2,7.8,13.2
Honduras,2018,20.8,56.1,3.0,7.4,12.7
Hungary,1987,22.3,32.4,11.4,15.4,18.5
Hungary,1989,22.1,35.6,10.4,14.2,17.7
Hungary,1991,22.1,38.2,8.0,14.1,17.6
Hungary,1993,21.5,37.9,9.7,13.8,17.1
Hungary,1994,22.1,41.1,7.3,12.7,16.9
Hungary,1999,22.0,39.0,8.4,13.3,17.3
Hungary,2004,22.3,38.4,8.3,13.5,17.5
Hungary,2005,21.6,42.2,7.1,12.5,16.7
Hungary,2006,22.6,37.1,8.7,13.8,17.8
Hungary,2007,22.8,36.7,8.7,13.8,17.9
Hungary,2008,22.8,36.4,8.8,13.9,18.0
Hungary,2009,23.0,35.9,8.8,14.1,18.2
Hungary,2010,22.9,37.7,8.2,13.4,17.7
Hungary,2011,22.6,37.6,8.1,13.8,17.9
Hungary,2012,22.8,38.6,7.6,13.3,17.6
Hungary,2013,22.7,39.4,7.5,13.0,17.4
Hungary,2014,22.8,38.7,7.6,13.2,17.6
Hungary,2015,22.9,38.4,7.8,13.3,17.6
Hungary,2016,22.8,38.4,8.0,13.2,17.6
Hungary,2017,22.8,38.5,7.9,13.2,17.6
Iceland,2003,22.0,36.6,9.5,14.3,17.6
Iceland,2004,21.8,37.7,9.4,14.0,17.2
Iceland,2005,21.6,38.5,9.2,13.6,17.1
Iceland,2006,21.5,39.5,8.9,13.4,16.7
Iceland,2007,21.6,38.9,9.1,13.6,16.8
Iceland,2008,21.2,40.8,8.6,12.9,16.4
Iceland,2009,21.8,38.1,9.1,13.8,17.3
Iceland,2010,22.1,36.0,9.5,14.4,17.9
Iceland,2011,22.4,36.2,9.3,14.1,18.0
Iceland,2012,22.3,36.3,9.3,14.2,17.8
Iceland,2013,22.5,35.3,9.9,14.4,17.9
Iceland,2014,21.9,37.3,9.4,13.8,17.6
Iceland,2015,22.2,36.5,9.5,14.2,17.7
India,1983,21.6,41.0,8.5,12.5,16.4
India,1987,21.2,41.6,8.7,12.4,16.1
India,1993,21.1,41.9,8.7,12.4,15.9
India,2004,20.3,45.6,8.0,11.4,14.8
India,2009,20.2,46.1,7.8,11.3,14.6
India,2011,20.3,46.2,7.7,11.1,14.7
Indonesia,1984,21.8,41.1,8.3,12.4,16.3
Indonesia,1987,21.6,39.9,9.1,12.8,16.5
Indonesia,1990,21.4,40.7,9.0,12.7,16.3
Indonesia,1993,21.1,41.4,8.9,12.5,16.0
Indonesia,1996,20.9,43.4,8.4,12.0,15.5
Indonesia,1998,21.4,40.5,9.0,12.8,16.3
Indonesia,1999,21.1,40.6,9.2,12.9,16.3
Indonesia,2000,21.5,39.9,9.2,13.0,16.4
Indonesia,2001,21.3,40.5,9.2,12.8,16.2
Indonesia,2002,21.0,42.9,8.5,12.0,15.6
Indonesia,2003,21.4,42.8,8.3,11.9,15.5
Indonesia,2004,21.4,43.3,7.9,11.8,15.6
Indonesia,2005,21.2,43.4,8.0,11.8,15.6
Indonesia,2006,21.2,44.4,7.6,11.5,15.3
Indonesia,2007,21.2,45.4,7.4,11.0,14.9
Indonesia,2008,21.3,44.9,7.5,11.2,15.1
Indonesia,2009,21.1,44.9,7.7,11.3,15.1
Indonesia,2010,21.5,45.5,7.2,10.8,14.9
Indonesia,2011,20.7,48.5,6.8,10.1,14.1
Indonesia,2012,20.4,48.7,6.8,10.1,14.0
Indonesia,2013,20.3,49.2,6.8,9.9,13.7
Indonesia,2014,20.5,48.5,6.9,10.1,14.1
Indonesia,2015,20.4,48.4,6.8,10.2,14.2
Indonesia,2016,21.5,47.0,6.7,10.2,14.6
Indonesia,2017,21.7,46.5,6.6,10.4,14.8
Indonesia,2018,21.7,46.1,6.7,10.5,14.9
"Iran, Islamic Rep.",1986,20.7,52.7,4.6,8.6,13.4
"Iran, Islamic Rep.",1990,21.4,49.4,5.2,9.6,14.4
"Iran, Islamic Rep.",1994,21.4,49.1,5.5,9.7,14.4
"Iran, Islamic Rep.",1998,21.5,49.9,5.2,9.3,14.2
"Iran, Islamic Rep.",2005,21.3,49.6,5.3,9.6,14.2
"Iran, Islamic Rep.",2006,21.4,50.6,5.0,9.1,13.8
"Iran, Islamic Rep.",2009,22.3,47.8,5.3,9.8,14.7
"Iran, Islamic Rep.",2013,22.0,44.6,6.8,11.1,15.5
"Iran, Islamic Rep.",2014,21.9,45.6,6.3,10.9,15.3
"Iran, Islamic Rep.",2015,21.6,46.4,6.3,10.7,15.0
"Iran, Islamic Rep.",2016,21.7,46.7,6.1,10.5,14.9
"Iran, Islamic Rep.",2017,21.7,47.3,5.9,10.3,14.8
Iraq,2006,22.1,38.1,9.3,13.4,17.1
Iraq,2012,22.5,38.5,8.8,13.1,17.1
Ireland,1987,22.3,42.7,7.0,11.7,16.3
Ireland,1994,21.7,44.4,7.0,11.5,15.5
Ireland,1995,21.9,44.5,6.8,11.5,15.3
Ireland,1996,22.0,43.2,7.1,11.9,15.8
Ireland,2000,22.2,41.0,7.8,12.5,16.6
Ireland,2003,22.3,40.8,7.7,12.5,16.7
Ireland,2004,22.3,41.4,7.6,12.4,16.4
Ireland,2005,21.9,41.8,7.7,12.4,16.2
Ireland,2006,22.5,40.7,7.9,12.4,16.4
Ireland,2007,22.3,40.3,8.2,12.8,16.5
Ireland,2008,22.6,39.3,8.2,13.0,17.0
Ireland,2009,22.3,40.7,7.7,12.6,16.7
Ireland,2010,22.5,40.2,7.6,12.7,16.9
Ireland,2011,22.5,40.7,7.4,12.7,16.7
Ireland,2012,22.3,41.1,7.5,12.5,16.6
Ireland,2013,22.2,41.3,7.3,12.5,16.7
Ireland,2014,22.5,40.1,7.9,12.8,16.7
Ireland,2015,22.1,40.2,8.0,12.9,16.9
Ireland,2016,22.0,41.2,7.9,12.6,16.3
Israel,1979,23.3,42.8,6.7,11.1,16.1
Israel,1986,23.3,43.0,6.5,11.1,16.2
Israel,1992,22.9,42.4,6.9,11.4,16.3
Israel,1997,22.9,44.3,6.1,10.7,15.9
Israel,2001,23.0,44.9,5.9,10.4,15.8
Israel,2005,23.2,46.7,4.9,9.9,15.4
Israel,2007,23.3,46.1,5.0,10.0,15.7
Israel,2010,22.9,47.2,4.7,9.7,15.5
Israel,2012,23.5,46.0,4.8,9.9,15.8
Israel,2014,23.5,44.8,5.0,10.4,16.3
Israel,2016,23.6,44.2,5.1,10.6,16.4
Italy,1986,23.1,39.9,7.5,12.5,17.0
Italy,1987,23.4,41.2,6.6,12.1,16.7
Italy,1989,22.8,40.3,7.7,12.4,16.8
Italy,1991,23.1,39.2,7.7,12.9,17.2
Italy,1993,23.3,41.7,6.1,11.9,17.0
Italy,1995,23.3,41.4,6.3,12.0,17.0
Italy,1998,22.7,42.7,5.9,11.9,16.8
Italy,2000,23.0,41.7,6.3,12.1,16.9
Italy,2003,22.6,41.8,6.7,12.1,16.8
Italy,2004,22.6,41.3,6.8,12.3,16.9
Italy,2005,23.0,40.7,6.8,12.4,17.1
Italy,2006,22.8,40.8,6.9,12.4,17.0
Italy,2007,23.0,40.1,7.1,12.6,17.2
Italy,2008,22.8,40.8,6.9,12.4,17.1
Italy,2009,23.1,40.7,6.7,12.4,17.1
Italy,2010,22.8,41.4,6.4,12.5,17.0
Italy,2011,22.8,41.7,6.4,12.2,16.9
Italy,2012,22.8,41.7,6.3,12.3,16.9
Italy,2013,23.1,41.4,6.2,12.3,17.0
Italy,2014,23.3,41.0,6.2,12.3,17.2
Italy,2015,23.4,41.4,5.9,12.1,17.2
Italy,2016,23.2,41.4,6.1,12.1,17.1
Italy,2017,23.0,42.1,6.0,12.0,16.9
Jamaica,1988,21.2,49.1,5.4,9.8,14.5
Jamaica,1990,21.3,47.9,6.1,10.2,14.5
Jamaica,1993,22.4,42.8,6.8,11.7,16.3
Jamaica,1996,20.7,47.5,6.4,10.5,14.9
Jamaica,1999,20.2,50.7,5.5,9.8,13.9
Jamaica,2002,20.0,54.2,4.8,8.4,12.6
Jamaica,2004,20.6,51.6,5.3,9.2,13.2
Japan,2008,22.9,41.5,6.4,12.1,17.0
Japan,2010,22.2,40.5,8.2,12.7,16.5
Japan,2013,21.7,41.1,7.7,12.8,16.6
Jordan,1986,22.1,43.8,7.3,11.2,15.7
Jordan,1992,20.4,50.0,6.0,9.7,14.0
Jordan,1997,21.1,44.4,7.6,11.4,15.5
Jordan,2002,21.3,44.9,7.2,11.3,15.3
Jordan,2006,21.5,42.5,8.0,12.2,15.8
Jordan,2008,21.5,41.7,8.4,12.4,16.1
Jordan,2010,21.5,42.4,8.2,12.1,15.8
Kazakhstan,1996,23.2,42.3,6.9,11.5,16.1
Kazakhstan,2001,22.8,42.9,6.7,11.4,16.2
Kazakhstan,2002,22.5,42.3,7.3,11.7,16.1
Kazakhstan,2003,22.8,41.3,7.5,11.9,16.4
Kazakhstan,2004,22.5,40.2,8.2,12.5,16.6
Kazakhstan,2005,22.5,46.1,5.9,10.3,15.2
Kazakhstan,2006,21.9,39.5,8.9,13.1,16.6
Kazakhstan,2007,22.0,39.3,8.9,13.0,16.7
Kazakhstan,2008,22.1,38.1,9.5,13.4,16.9
Kazakhstan,2009,22.4,37.7,9.4,13.4,17.1
Kazakhstan,2010,22.3,37.7,9.5,13.5,17.1
Kazakhstan,2011,22.4,37.6,9.5,13.4,17.1
Kazakhstan,2012,22.5,37.7,9.4,13.3,17.1
Kazakhstan,2013,22.3,37.0,9.8,13.6,17.3
Kazakhstan,2014,22.2,37.0,9.9,13.7,17.3
Kazakhstan,2015,22.2,36.9,10.0,13.7,17.2
Kazakhstan,2016,22.2,37.2,9.8,13.6,17.2
Kazakhstan,2017,22.1,37.4,9.8,13.6,17.1
Kenya,1992,17.3,61.8,3.4,6.7,10.7
Kenya,1994,21.3,48.9,5.2,10.0,14.6
Kenya,1997,20.2,51.3,5.6,9.3,13.6
Kenya,2005,20.4,52.2,5.0,9.1,13.4
Kenya,2015,21.5,47.5,6.2,10.3,14.6
Kiribati,2006,21.9,43.9,6.6,11.6,16.0
"Korea, Rep.",2006,23.1,39.2,7.3,12.9,17.5
"Korea, Rep.",2008,23.0,39.7,7.2,12.8,17.2
"Korea, Rep.",2010,23.1,39.4,7.3,12.9,17.3
"Korea, Rep.",2012,23.2,39.0,7.3,13.0,17.5
Kosovo,2003,22.6,38.1,9.0,13.0,17.2
Kosovo,2005,22.7,39.7,8.2,12.7,16.7
Kosovo,2006,22.5,39.2,8.5,13.0,16.9
Kosovo,2009,22.3,40.2,8.0,12.7,16.8
Kosovo,2010,22.4,41.5,7.8,12.1,16.2
Kosovo,2011,22.8,37.1,9.0,13.7,17.4
Kosovo,2012,22.5,37.9,8.8,13.4,17.4
Kosovo,2013,22.3,36.2,9.7,14.2,17.6
Kosovo,2014,22.7,36.5,9.1,13.9,17.8
Kosovo,2015,22.7,36.1,9.5,14.0,17.7
Kosovo,2016,22.7,36.3,9.4,14.0,17.6
Kosovo,2017,21.6,38.6,9.2,13.6,17.0
Kyrgyz Republic,1998,21.5,51.1,4.3,8.9,14.2
Kyrgyz Republic,2000,22.1,40.2,8.6,12.7,16.4
Kyrgyz Republic,2001,22.5,39.1,8.8,12.8,16.7
Kyrgyz Republic,2002,22.6,39.1,8.6,12.9,16.7
Kyrgyz Republic,2003,22.5,38.1,9.3,13.3,16.8
Kyrgyz Republic,2004,22.1,43.0,7.7,11.6,15.7
Kyrgyz Republic,2005,21.9,41.3,8.4,12.3,16.1
Kyrgyz Republic,2006,21.7,44.9,7.3,10.9,15.1
Kyrgyz Republic,2007,22.4,41.8,7.6,12.0,16.1
Kyrgyz Republic,2008,22.3,40.0,8.4,12.6,16.7
Kyrgyz Republic,2009,21.9,39.3,9.1,13.0,16.7
Kyrgyz Republic,2010,22.0,39.2,8.7,13.3,16.9
Kyrgyz Republic,2011,22.0,37.7,9.7,13.5,17.1
Kyrgyz Republic,2012,21.9,37.3,9.6,13.9,17.3
Kyrgyz Republic,2013,22.1,38.3,9.3,13.3,16.9
Kyrgyz Republic,2014,22.0,37.0,10.0,13.8,17.2
Kyrgyz Republic,2015,21.5,38.8,9.5,13.4,16.8
Kyrgyz Republic,2016,21.8,37.2,10.0,13.9,17.1
Kyrgyz Republic,2017,21.9,37.4,9.9,13.7,17.1
Kyrgyz Republic,2018,21.8,37.8,9.9,13.5,17.0
Lao PDR,1992,21.3,43.0,8.2,11.8,15.6
Lao PDR,1997,20.7,43.7,8.1,12.0,15.5
Lao PDR,2002,21.3,41.7,8.6,12.4,16.1
Lao PDR,2007,20.9,43.9,8.0,11.8,15.4
Lao PDR,2012,21.0,44.6,7.6,11.5,15.3
Latvia,1993,22.6,36.7,9.6,13.6,17.5
Latvia,1995,22.1,39.3,8.0,13.2,17.3
Latvia,1996,22.0,39.7,7.7,13.3,17.3
Latvia,2004,21.9,43.5,6.5,12.3,15.9
Latvia,2005,22.0,45.5,5.9,11.3,15.3
Latvia,2006,22.8,42.6,6.8,11.7,16.0
Latvia,2007,22.7,44.1,6.4,11.0,15.9
Latvia,2008,22.9,43.5,6.1,11.3,16.1
Latvia,2009,22.7,42.6,5.9,12.3,16.5
Latvia,2010,22.7,41.7,6.2,12.3,17.1
Latvia,2011,22.2,42.8,6.4,12.1,16.4
Latvia,2012,22.5,42.3,6.5,12.2,16.5
Latvia,2013,22.6,42.6,6.5,12.2,16.2
Latvia,2014,22.7,42.2,6.6,12.3,16.3
Latvia,2015,22.8,41.5,7.1,12.3,16.4
Latvia,2016,22.9,41.5,6.9,12.1,16.5
Latvia,2017,22.8,42.4,6.7,11.7,16.4
Lebanon,2011,22.5,40.0,7.9,12.7,17.0
Lesotho,1986,19.5,60.0,2.9,6.4,11.2
Lesotho,1994,18.8,66.5,1.5,4.3,9.0
Lesotho,2002,21.3,55.4,3.0,7.5,12.8
Lesotho,2017,22.6,49.8,4.6,8.9,14.2
Liberia,2007,22.1,43.5,6.5,11.8,16.2
Liberia,2014,22.3,41.3,7.7,12.1,16.5
Liberia,2016,22.3,42.8,7.2,11.6,16.0
Lithuania,1993,21.3,42.1,8.1,12.3,16.2
Lithuania,2004,22.2,43.7,5.8,11.9,16.4
Lithuania,2005,22.0,42.6,6.4,12.5,16.5
Lithuania,2006,22.1,42.0,6.9,12.5,16.5
Lithuania,2007,22.4,42.0,6.8,12.4,16.4
Lithuania,2008,22.1,42.9,6.6,12.2,16.2
Lithuania,2009,22.7,43.4,5.7,11.8,16.4
Lithuania,2010,23.2,40.3,6.5,12.5,17.6
Lithuania,2011,23.0,39.9,7.1,12.8,17.2
Lithuania,2012,22.6,42.0,6.5,12.2,16.6
Lithuania,2013,22.4,42.5,6.7,12.0,16.3
Lithuania,2014,22.3,44.1,6.0,11.6,16.0
Lithuania,2015,22.1,44.2,6.1,11.6,15.9
Lithuania,2016,21.8,45.0,6.0,11.4,15.8
Lithuania,2017,22.3,43.9,6.3,11.6,15.9
Luxembourg,1985,22.8,36.2,9.5,13.8,17.7
Luxembourg,1991,22.4,36.6,9.6,13.9,17.5
Luxembourg,1994,22.5,36.6,9.4,13.7,17.8
Luxembourg,1997,22.7,38.7,8.4,13.2,17.0
Luxembourg,2000,22.7,39.0,8.4,12.9,17.1
Luxembourg,2003,22.8,38.6,8.3,13.1,17.2
Luxembourg,2004,22.6,38.7,8.3,13.2,17.2
Luxembourg,2005,22.3,39.4,8.2,13.0,17.1
Luxembourg,2006,22.4,39.4,8.2,12.9,17.1
Luxembourg,2007,22.2,39.7,8.3,12.9,17.0
Luxembourg,2008,22.1,40.8,7.8,12.6,16.7
Luxembourg,2009,22.9,39.2,8.0,12.7,17.2
Luxembourg,2010,22.9,38.8,8.2,12.9,17.3
Luxembourg,2011,23.0,39.9,7.8,12.4,17.0
Luxembourg,2012,22.7,41.7,7.3,11.8,16.5
Luxembourg,2013,23.2,39.7,7.6,12.5,17.0
Luxembourg,2014,22.9,39.1,7.9,12.9,17.2
Luxembourg,2015,23.1,41.0,7.2,12.1,16.7
Luxembourg,2016,23.3,40.3,7.2,12.3,16.9
Luxembourg,2017,23.3,41.4,6.5,11.9,16.8
Madagascar,1980,20.4,52.5,5.0,8.8,13.4
Madagascar,1993,19.6,51.4,5.4,9.8,13.8
Madagascar,1997,21.9,46.0,6.1,10.6,15.3
Madagascar,1999,22.6,45.2,6.3,10.6,15.3
Madagascar,2001,20.4,53.5,4.9,8.5,12.7
Madagascar,2005,20.5,47.5,6.7,10.8,14.6
Madagascar,2010,20.1,49.5,6.1,10.2,14.0
Madagascar,2012,20.7,49.4,5.7,10.0,14.1
Malawi,1997,11.7,70.3,3.9,6.0,8.1
Malawi,2004,20.3,47.5,6.9,10.7,14.5
Malawi,2010,20.0,51.8,5.5,9.3,13.4
Malawi,2016,18.8,51.7,6.4,9.8,13.3
Malaysia,1984,20.1,53.9,4.6,8.4,13.0
Malaysia,1987,20.5,52.7,4.9,8.7,13.3
Malaysia,1989,20.5,52.0,5.1,8.9,13.5
Malaysia,1992,20.6,53.1,4.7,8.4,13.1
Malaysia,1995,20.4,53.8,4.5,8.3,13.0
Malaysia,1997,20.3,54.3,4.4,8.1,12.8
Malaysia,2004,21.6,51.4,4.7,8.8,13.6
Malaysia,2007,21.6,51.4,4.7,8.8,13.6
Malaysia,2008,21.8,50.8,4.8,8.9,13.8
Malaysia,2011,21.8,49.6,5.2,9.3,14.1
Malaysia,2013,21.7,47.7,5.8,10.1,14.7
Malaysia,2015,22.0,47.3,5.8,10.1,14.8
Maldives,2002,19.4,48.7,6.8,10.7,14.4
Maldives,2009,21.9,45.0,6.4,11.0,15.7
Maldives,2016,22.2,39.8,8.3,12.9,16.9
Mali,1994,19.3,56.2,4.6,8.0,11.9
Mali,2001,22.2,46.5,6.3,10.3,14.7
Mali,2006,21.6,46.1,6.4,10.9,14.9
Mali,2009,22.5,41.3,8.0,12.1,16.2
Malta,2006,23.0,36.7,8.6,13.8,17.9
Malta,2007,23.1,37.5,8.3,13.4,17.7
Malta,2008,23.1,37.5,8.5,13.4,17.5
Malta,2009,22.7,38.6,8.2,13.2,17.3
Malta,2010,23.0,37.6,8.4,13.4,17.6
Malta,2011,22.6,37.8,8.5,13.5,17.6
Malta,2012,22.5,38.0,8.4,13.5,17.6
Malta,2013,22.5,37.8,8.6,13.6,17.5
Malta,2014,22.5,37.8,8.6,13.5,17.6
Malta,2015,22.5,38.1,8.5,13.4,17.4
Malta,2016,22.6,37.9,8.6,13.4,17.5
Malta,2017,22.5,38.0,8.5,13.4,17.6
Mauritania,1987,22.6,48.6,4.2,9.5,15.0
Mauritania,1993,18.0,56.1,5.2,8.6,12.2
Mauritania,1995,22.4,44.5,6.4,11.1,15.7
Mauritania,2000,22.3,45.7,6.2,10.6,15.2
Mauritania,2004,20.6,47.4,6.5,10.7,14.7
Mauritania,2008,23.4,42.4,6.7,11.3,16.3
Mauritania,2014,23.0,40.2,7.5,12.4,16.9
Mauritius,2006,21.4,43.8,7.6,11.7,15.6
Mauritius,2012,20.6,46.2,7.0,11.2,15.1
Mauritius,2017,21.1,44.6,7.2,11.6,15.5
Mexico,1989,18.6,59.2,3.6,7.2,11.5
Mexico,1992,18.6,58.7,3.6,7.4,11.6
Mexico,1994,18.9,59.0,3.4,7.2,11.6
Mexico,1996,19.4,58.9,2.9,7.1,11.7
Mexico,1998,19.4,57.8,3.2,7.4,12.1
Mexico,2000,19.1,57.6,3.7,7.6,12.0
Mexico,2002,19.5,55.6,4.2,8.2,12.6
Mexico,2004,19.6,55.4,4.2,8.3,12.5
Mexico,2005,19.7,55.2,4.0,8.3,12.7
Mexico,2006,19.6,54.6,4.5,8.5,12.8
Mexico,2008,20.0,55.0,4.1,8.3,12.7
Mexico,2010,20.3,52.9,4.7,9.0,13.2
Mexico,2012,19.6,54.4,4.5,8.6,12.8
Mexico,2014,19.2,54.7,4.7,8.7,12.7
Mexico,2016,20.0,52.4,5.1,9.2,13.3
Mexico,2018,20.0,51.7,5.4,9.5,13.5
"Micronesia, Fed. Sts.",2005,21.3,48.7,5.6,9.8,14.6
"Micronesia, Fed. Sts.",2013,22.5,46.0,5.5,10.7,15.3
Moldova,1997,22.5,43.8,6.5,11.4,15.8
Moldova,1998,22.0,45.9,6.0,10.8,15.3
Moldova,1999,20.3,49.6,6.0,10.1,14.1
Moldova,2000,22.0,43.8,6.9,11.5,15.8
Moldova,2001,21.7,45.2,6.7,11.1,15.3
Moldova,2002,22.5,43.1,7.0,11.4,16.0
Moldova,2003,21.8,42.9,7.6,11.8,15.9
Moldova,2004,21.8,42.9,7.4,11.8,16.1
Moldova,2005,21.9,43.7,7.0,11.5,15.9
Moldova,2006,22.5,42.7,7.1,11.7,16.1
Moldova,2007,22.4,42.0,7.4,11.9,16.3
Moldova,2008,22.2,42.4,7.3,12.0,16.1
Moldova,2009,23.0,40.6,7.6,12.2,16.6
Moldova,2010,22.4,40.3,8.1,12.5,16.6
Moldova,2011,22.4,39.3,8.5,12.9,16.9
Moldova,2012,22.3,38.4,9.0,13.2,17.1
Moldova,2013,22.4,37.8,9.1,13.4,17.3
Moldova,2014,22.5,36.7,9.7,13.7,17.4
Moldova,2015,22.3,36.9,9.7,13.7,17.5
Moldova,2016,21.9,36.6,10.0,14.1,17.4
Moldova,2017,22.3,36.1,10.0,14.1,17.6
Moldova,2018,22.1,36.0,10.2,14.2,17.5
Mongolia,1995,23.1,40.8,7.4,12.0,16.8
Mongolia,1998,23.3,38.2,7.7,13.1,17.7
Mongolia,2002,23.1,40.5,7.5,12.2,16.8
Mongolia,2007,22.2,43.4,7.3,11.4,15.8
Mongolia,2010,22.5,41.1,7.8,12.1,16.5
Mongolia,2011,22.2,42.0,7.8,12.0,16.1
Mongolia,2012,22.4,41.7,7.6,12.0,16.3
Mongolia,2014,22.3,40.3,8.1,12.6,16.7
Mongolia,2016,22.3,40.6,8.0,12.4,16.6
Mongolia,2018,22.5,40.9,7.9,12.3,16.5
Montenegro,2012,24.4,45.3,4.5,9.9,15.9
Montenegro,2013,24.2,44.0,5.2,10.4,16.3
Montenegro,2014,24.1,43.8,5.1,10.6,16.5
Montenegro,2015,23.5,44.3,5.2,10.7,16.3
Morocco,1984,20.9,46.2,6.6,11.1,15.3
Morocco,1990,21.7,46.3,6.6,10.5,15.0
Morocco,1998,21.5,46.5,6.5,10.5,15.0
Morocco,2000,21.0,47.8,6.5,10.3,14.5
Morocco,2006,20.5,48.0,6.5,10.5,14.5
Morocco,2013,20.9,47.0,6.7,10.7,14.7
Mozambique,1996,18.2,59.1,4.0,7.4,11.2
Mozambique,2002,18.7,53.5,5.4,9.3,13.0
Mozambique,2008,20.1,51.4,5.2,9.5,13.7
Mozambique,2014,17.4,59.5,4.2,7.6,11.2
Myanmar,2015,20.6,45.7,7.3,11.3,15.0
Myanmar,2017,21.6,39.9,8.9,13.0,16.6
Namibia,2003,14.5,69.0,3.0,5.3,8.1
Namibia,2009,15.7,66.4,3.3,5.7,8.9
Namibia,2015,17.9,63.7,2.8,5.8,9.8
Nepal,1995,21.0,43.7,7.8,11.9,15.6
Nepal,2003,19.2,51.2,6.5,9.7,13.4
Nepal,2010,21.8,41.5,8.3,12.1,16.2
Netherlands,1983,22.6,37.5,8.8,13.9,17.3
Netherlands,1987,22.4,36.6,9.7,13.9,17.4
Netherlands,1990,22.4,39.7,8.3,13.0,16.6
Netherlands,1993,23.1,38.6,7.9,13.3,17.2
Netherlands,1999,23.1,37.1,9.1,13.5,17.2
Netherlands,2004,22.6,38.3,8.4,13.4,17.3
Netherlands,2005,22.5,38.0,8.7,13.5,17.3
Netherlands,2006,22.0,39.0,8.7,13.3,17.0
Netherlands,2007,22.2,38.6,8.8,13.4,17.1
Netherlands,2008,22.4,38.1,8.7,13.5,17.3
Netherlands,2009,22.7,37.0,9.0,13.8,17.6
Netherlands,2010,22.6,36.9,9.0,13.8,17.7
Netherlands,2011,22.5,37.0,9.1,13.8,17.6
Netherlands,2012,22.4,37.0,9.1,13.9,17.6
Netherlands,2013,22.5,37.2,8.9,13.8,17.5
Netherlands,2014,22.4,37.7,8.8,13.7,17.4
Netherlands,2015,22.4,37.4,8.9,13.9,17.5
Netherlands,2016,22.4,37.2,8.8,13.9,17.6
Netherlands,2017,22.3,37.6,8.8,13.8,17.5
Nicaragua,1993,19.7,60.5,2.1,6.4,11.2
Nicaragua,1998,19.1,58.6,3.1,7.4,11.8
Nicaragua,2001,18.7,57.9,3.9,7.7,11.8
Nicaragua,2005,19.3,54.6,4.8,8.5,12.8
Nicaragua,2009,21.0,49.9,5.3,9.6,14.1
Nicaragua,2014,20.0,52.1,5.1,9.2,13.7
Niger,1992,21.2,43.9,7.5,11.7,15.7
Niger,1994,20.9,48.3,6.0,10.2,14.5
Niger,2005,19.8,51.0,5.8,9.7,13.7
Niger,2007,20.4,45.7,7.7,11.4,14.8
Niger,2011,21.4,40.8,8.9,12.7,16.2
Niger,2014,22.0,42.4,7.8,11.8,16.0
Nigeria,1985,23.0,45.0,6.0,10.4,15.5
Nigeria,1992,23.4,49.3,4.0,8.9,14.4
Nigeria,1996,19.8,56.5,3.7,7.7,12.3
Nigeria,2003,22.5,46.0,5.7,10.4,15.4
Nigeria,2009,21.6,49.0,5.4,9.7,14.4
North Macedonia,2009,23.0,47.2,4.1,10.1,15.6
North Macedonia,2010,24.4,44.0,3.7,10.9,16.9
North Macedonia,2011,24.4,43.8,4.4,10.9,16.5
North Macedonia,2012,24.1,43.1,4.9,11.1,16.7
North Macedonia,2013,24.1,41.8,5.6,11.6,16.8
North Macedonia,2014,24.2,40.9,5.8,11.9,17.2
North Macedonia,2015,24.2,41.1,5.6,11.7,17.4
North Macedonia,2016,24.3,40.0,5.6,12.2,17.9
North Macedonia,2017,24.4,39.7,5.6,12.3,17.9
Norway,1979,22.5,36.7,9.5,14.0,17.4
Norway,1986,22.7,34.8,10.2,14.4,18.0
Norway,1991,22.4,35.3,10.0,14.4,17.8
Norway,1995,22.4,35.8,9.7,14.3,17.7
Norway,2000,22.0,37.1,9.7,14.0,17.2
Norway,2003,22.0,37.2,9.5,14.0,17.3
Norway,2004,21.0,40.5,8.8,13.3,16.4
Norway,2005,21.2,39.7,9.0,13.5,16.6
Norway,2006,23.0,35.5,9.2,14.4,18.0
Norway,2007,22.6,36.5,9.4,14.1,17.5
Norway,2008,22.8,36.2,9.1,14.2,17.7
Norway,2009,22.8,35.6,9.4,14.4,17.9
Norway,2010,22.8,35.3,9.5,14.5,18.0
Norway,2011,23.0,34.8,9.5,14.4,18.2
Norway,2012,22.9,35.2,9.4,14.4,18.1
Norway,2013,22.9,35.7,9.3,14.2,17.9
Norway,2014,22.8,35.9,9.1,14.2,17.9
Norway,2015,22.7,36.6,9.0,14.1,17.7
Norway,2016,22.5,37.2,8.6,14.0,17.6
Norway,2017,22.8,36.0,8.9,14.3,18.0
Pakistan,1987,21.2,42.2,8.3,12.3,15.9
Pakistan,1990,21.6,41.8,8.1,12.3,16.3
Pakistan,1996,21.1,39.0,9.9,13.4,16.5
Pakistan,1998,20.6,42.4,8.7,12.4,15.8
Pakistan,2001,21.1,40.1,9.4,13.0,16.3
Pakistan,2004,20.9,41.9,8.8,12.5,15.8
Pakistan,2005,20.5,42.3,9.0,12.5,15.7
Pakistan,2007,20.9,41.3,9.2,12.7,15.9
Pakistan,2010,21.2,39.7,9.6,13.1,16.4
Pakistan,2011,21.0,40.7,9.3,12.8,16.1
Pakistan,2013,21.3,40.3,9.2,12.9,16.4
Pakistan,2015,20.5,42.8,8.9,12.2,15.6
Panama,1979,21.7,53.4,3.9,7.9,13.1
Panama,1989,20.9,61.0,0.8,5.7,11.6
Panama,1991,20.8,60.6,1.2,5.9,11.5
Panama,1995,20.3,60.5,1.4,6.2,11.6
Panama,1997,19.7,61.3,1.7,6.2,11.1
Panama,1998,19.8,60.6,1.6,6.4,11.5
Panama,1999,20.1,59.8,1.9,6.6,11.5
Panama,2000,19.7,60.3,2.1,6.5,11.3
Panama,2001,20.3,60.0,1.9,6.2,11.5
Panama,2002,19.9,59.9,2.5,6.4,11.3
Panama,2003,20.0,59.6,2.4,6.5,11.5
Panama,2004,20.3,58.7,2.6,6.7,11.7
Panama,2005,20.7,57.7,2.7,6.9,11.9
Panama,2006,20.4,58.4,2.5,6.8,11.8
Panama,2007,20.7,56.6,3.0,7.2,12.4
Panama,2008,20.0,57.0,3.2,7.5,12.4
Panama,2009,20.1,56.4,3.5,7.6,12.4
Panama,2010,20.2,56.0,3.3,7.8,12.6
Panama,2011,20.3,55.8,3.4,7.8,12.6
Panama,2012,20.3,56.1,3.2,7.8,12.7
Panama,2013,20.3,56.0,3.3,7.7,12.7
Panama,2014,20.7,54.8,3.4,8.1,13.1
Panama,2015,20.5,55.3,3.4,8.0,12.8
Panama,2016,21.0,54.8,3.3,8.0,12.9
Panama,2017,20.9,54.2,3.4,8.1,13.3
Panama,2018,21.2,53.6,3.6,8.3,13.4
Papua New Guinea,1996,21.4,51.5,4.9,8.8,13.5
Papua New Guinea,2009,22.4,47.3,5.1,10.0,15.2
Paraguay,1990,22.3,47.1,5.8,10.3,14.6
Paraguay,1995,18.8,61.8,2.4,6.1,11.0
Paraguay,1997,20.4,58.4,2.5,6.6,12.1
Paraguay,1999,19.7,58.6,2.8,7.1,11.8
Paraguay,2001,19.1,58.9,3.1,7.1,11.9
Paraguay,2002,18.3,61.1,2.9,6.6,11.1
Paraguay,2003,18.7,59.4,3.4,7.1,11.4
Paraguay,2004,19.0,57.3,4.0,7.8,12.0
Paraguay,2005,19.7,56.3,3.9,7.9,12.2
Paraguay,2006,19.2,57.6,3.6,7.6,12.1
Paraguay,2007,18.9,57.6,3.6,7.8,12.1
Paraguay,2008,19.8,55.7,4.1,8.0,12.4
Paraguay,2009,20.5,53.9,4.0,8.4,13.2
Paraguay,2010,19.7,55.6,3.8,8.1,12.8
Paraguay,2011,19.6,56.7,3.5,7.7,12.5
Paraguay,2012,20.7,52.5,4.2,8.8,13.8
Paraguay,2013,20.8,53.1,4.4,8.6,13.1
Paraguay,2014,19.4,55.6,4.0,8.3,12.6
Paraguay,2015,20.9,52.7,4.3,8.7,13.4
Paraguay,2016,20.6,53.1,4.5,8.6,13.2
Paraguay,2017,19.8,54.0,4.6,8.6,12.9
Paraguay,2018,20.9,51.7,4.7,9.2,13.6
Peru,1997,20.3,57.5,2.9,7.1,12.2
Peru,1998,18.8,60.3,2.8,6.7,11.3
Peru,1999,18.9,60.4,2.7,6.7,11.3
Peru,2000,21.5,53.3,3.5,8.2,13.6
Peru,2001,20.7,55.5,3.4,7.7,12.7
Peru,2002,19.6,57.7,3.2,7.3,12.2
Peru,2003,19.3,57.7,3.6,7.4,12.0
Peru,2004,20.8,54.3,3.7,8.0,13.2
Peru,2005,20.8,54.7,3.6,7.8,13.0
Peru,2006,21.1,54.4,3.5,7.9,13.2
Peru,2007,21.1,54.2,3.5,8.0,13.3
Peru,2008,21.8,51.8,3.8,8.6,14.0
Peru,2009,21.7,51.6,4.0,8.7,13.9
Peru,2010,21.8,50.3,4.3,9.2,14.4
Peru,2011,22.0,49.5,4.4,9.4,14.8
Peru,2012,22.0,49.3,4.4,9.5,14.8
Peru,2013,22.1,48.9,4.5,9.6,14.9
Peru,2014,22.2,48.3,4.7,9.8,15.0
Peru,2015,21.8,48.7,4.7,9.9,14.8
Peru,2016,22.1,48.8,4.6,9.7,14.8
Peru,2017,22.2,48.4,4.7,9.7,14.9
Peru,2018,22.0,48.3,4.9,9.9,14.8
Philippines,2000,20.0,53.7,5.1,8.5,12.7
Philippines,2003,20.4,52.6,5.2,8.8,13.1
Philippines,2006,20.6,53.1,5.0,8.5,12.8
Philippines,2009,20.4,52.5,5.3,8.8,13.0
Philippines,2012,20.5,52.7,5.2,8.7,13.0
Philippines,2015,20.7,50.9,5.7,9.3,13.5
Poland,1985,22.7,35.0,9.8,14.3,18.1
Poland,1986,23.1,36.6,8.5,13.8,18.0
Poland,1987,22.6,35.4,9.7,14.3,18.1
Poland,1989,23.0,36.1,9.2,13.8,17.9
Poland,1992,22.8,38.0,8.7,13.2,17.3
Poland,1995,22.6,41.6,6.8,12.2,16.8
Poland,1999,22.8,39.8,7.5,12.7,17.1
Poland,2004,22.9,43.9,5.7,11.2,16.3
Poland,2005,23.0,42.4,6.4,11.7,16.5
Poland,2006,22.7,41.7,6.8,12.1,16.6
Poland,2007,22.5,41.4,7.2,12.3,16.6
Poland,2008,22.6,40.9,7.3,12.4,16.8
Poland,2009,22.6,40.9,7.3,12.4,16.9
Poland,2010,22.6,40.7,7.3,12.5,16.9
Poland,2011,22.7,40.6,7.3,12.4,17.0
Poland,2012,22.9,40.4,7.2,12.5,17.0
Poland,2013,22.9,40.5,7.2,12.4,17.0
Poland,2014,22.7,40.3,7.2,12.6,17.1
Poland,2015,23.0,39.3,7.4,12.8,17.5
Poland,2016,22.5,39.4,8.0,13.0,17.1
Poland,2017,22.6,38.2,8.3,13.4,17.5
Portugal,2003,21.4,45.9,6.2,11.2,15.3
Portugal,2004,21.1,46.3,6.4,11.2,15.1
Portugal,2005,21.0,46.1,6.7,11.3,15.0
Portugal,2006,21.7,45.4,6.7,11.1,15.1
Portugal,2007,21.7,44.2,6.9,11.6,15.7
Portugal,2008,21.6,44.1,6.9,11.7,15.8
Portugal,2009,22.0,42.5,7.2,12.0,16.3
Portugal,2010,21.9,43.4,7.0,11.8,15.9
Portugal,2011,21.6,43.8,6.8,11.9,15.8
Portugal,2012,22.1,43.2,6.4,12.1,16.2
Portugal,2013,22.3,43.1,6.2,12.0,16.3
Portugal,2014,22.2,42.6,6.5,12.2,16.4
Portugal,2015,22.3,42.7,6.7,12.0,16.3
Portugal,2016,22.0,42.6,6.9,12.3,16.3
Portugal,2017,22.1,41.6,7.4,12.4,16.5
Romania,1989,23.0,33.3,9.9,15.0,18.7
Romania,1992,23.2,34.8,9.2,14.4,18.4
Romania,1994,22.6,37.3,8.9,13.6,17.6
Romania,1995,22.6,39.2,7.9,13.0,17.3
Romania,1997,22.4,38.9,8.2,13.2,17.3
Romania,2006,22.8,45.0,5.0,10.8,16.3
Romania,2007,23.2,43.3,5.5,11.4,16.6
Romania,2008,23.5,42.3,5.8,11.7,16.7
Romania,2009,23.7,41.5,6.0,11.8,16.9
Romania,2010,24.2,41.1,5.7,11.8,17.1
Romania,2011,24.6,41.2,5.5,11.6,17.1
Romania,2012,24.3,41.8,5.3,11.5,17.1
Romania,2013,24.6,41.6,5.0,11.4,17.4
Romania,2014,24.7,40.7,4.9,11.9,17.8
Romania,2015,24.7,40.8,5.1,11.8,17.7
Romania,2016,24.8,39.6,5.6,12.1,17.9
Romania,2017,24.7,41.0,5.3,11.7,17.4
Russian Federation,1993,20.2,53.3,4.4,8.7,13.4
Russian Federation,1996,21.1,51.1,4.5,9.2,14.1
Russian Federation,1997,22.2,45.1,6.3,11.0,15.6
Russian Federation,1998,22.6,44.6,6.2,10.9,15.7
Russian Federation,1999,23.0,43.8,6.3,11.0,15.9
Russian Federation,2000,22.9,43.7,6.4,11.1,15.9
Russian Federation,2001,22.6,43.8,6.6,11.2,15.8
Russian Federation,2002,22.5,44.2,6.6,11.1,15.5
Russian Federation,2003,21.9,46.7,6.1,10.4,14.9
Russian Federation,2004,22.1,46.8,6.0,10.3,14.9
Russian Federation,2005,21.8,47.7,5.8,10.1,14.5
Russian Federation,2006,21.7,47.5,5.9,10.2,14.7
Russian Federation,2007,21.2,48.9,5.8,9.9,14.2
Russian Federation,2008,21.0,48.5,6.1,10.1,14.3
Russian Federation,2009,21.2,47.1,6.4,10.5,14.7
Russian Federation,2010,21.6,46.6,6.4,10.5,14.8
Russian Federation,2011,21.3,47.0,6.5,10.5,14.7
Russian Federation,2012,21.0,47.8,6.3,10.3,14.5
Russian Federation,2013,21.0,48.0,6.4,10.3,14.4
Russian Federation,2014,21.0,47.1,6.6,10.6,14.7
Russian Federation,2015,21.5,45.3,6.9,11.1,15.2
Russian Federation,2016,21.9,44.4,7.0,11.2,15.5
Russian Federation,2017,21.7,44.8,7.1,11.2,15.3
Russian Federation,2018,21.4,45.1,7.1,11.2,15.2
Rwanda,2000,18.4,54.9,5.2,8.9,12.6
Rwanda,2005,17.6,58.0,4.5,8.1,11.7
Rwanda,2010,18.5,54.1,5.6,9.1,12.7
Rwanda,2013,19.0,52.2,6.0,9.6,13.2
Rwanda,2016,19.8,50.8,6.0,9.8,13.6
Samoa,2002,20.8,47.9,6.3,10.6,14.5
Samoa,2008,20.3,49.2,6.4,10.0,14.1
Samoa,2013,20.8,46.4,6.8,11.1,14.9
Sao Tome and Principe,2000,23.0,40.2,7.9,12.3,16.6
Sao Tome and Principe,2010,22.6,39.5,8.4,12.7,16.8
Sao Tome and Principe,2017,16.1,61.2,3.9,7.6,11.1
Senegal,1991,19.3,58.6,3.5,7.0,11.6
Senegal,1994,20.4,48.4,6.5,10.4,14.4
Senegal,2001,20.6,48.4,6.6,10.3,14.2
Senegal,2005,22.1,45.8,6.2,10.7,15.2
Senegal,2011,21.7,46.9,6.1,10.3,15.0
Serbia,2012,23.2,45.0,4.7,10.9,16.3
Serbia,2013,23.5,44.3,4.7,11.0,16.6
Serbia,2014,23.6,44.8,4.3,10.8,16.5
Serbia,2015,23.3,45.0,4.4,10.9,16.5
Serbia,2016,23.7,43.5,4.5,11.4,17.0
Serbia,2017,23.8,41.5,5.2,12.1,17.4
Seychelles,2013,18.4,53.0,5.4,9.8,13.3
Sierra Leone,2003,20.7,47.8,6.6,10.4,14.4
Sierra Leone,2011,21.9,42.4,7.9,11.9,15.8
Sierra Leone,2018,21.0,44.2,7.9,11.7,15.3
Slovak Republic,1992,22.3,31.7,11.5,15.7,18.8
Slovak Republic,1996,22.6,35.3,8.8,14.7,18.6
Slovak Republic,2004,22.6,35.9,8.7,14.4,18.5
Slovak Republic,2005,21.5,38.3,8.7,13.9,17.5
Slovak Republic,2006,22.1,35.5,9.3,14.8,18.3
Slovak Republic,2007,22.3,34.5,9.5,15.1,18.5
Slovak Republic,2008,22.4,35.6,9.2,14.7,18.2
Slovak Republic,2009,22.7,36.1,8.6,14.4,18.2
Slovak Republic,2010,22.7,36.1,8.5,14.5,18.2
Slovak Republic,2011,23.0,35.4,8.7,14.5,18.4
Slovak Republic,2012,23.2,34.9,8.6,14.6,18.7
Slovak Republic,2013,22.9,36.5,8.3,14.1,18.3
Slovak Republic,2014,23.5,34.5,8.4,14.7,19.0
Slovak Republic,2015,23.2,35.0,8.5,14.6,18.7
Slovak Republic,2016,23.2,34.0,8.7,15.1,19.0
Slovenia,1987,22.3,34.2,10.4,14.8,18.2
Slovenia,1993,21.9,38.6,9.3,13.3,16.9
Slovenia,1997,22.7,34.2,10.0,14.9,18.3
Slovenia,1999,22.6,34.2,10.0,14.9,18.3
Slovenia,2004,22.6,34.7,9.8,14.6,18.2
Slovenia,2005,22.7,34.6,9.9,14.6,18.2
Slovenia,2006,22.7,34.4,10.0,14.7,18.2
Slovenia,2007,22.6,34.4,10.0,14.7,18.2
Slovenia,2008,22.6,34.0,10.2,14.9,18.3
Slovenia,2009,22.7,34.7,9.8,14.6,18.2
Slovenia,2010,22.7,34.8,9.7,14.7,18.2
Slovenia,2011,22.6,34.8,9.7,14.7,18.2
Slovenia,2012,22.6,35.2,9.4,14.6,18.2
Slovenia,2013,22.6,35.7,9.2,14.4,18.1
Slovenia,2014,22.5,35.4,9.4,14.5,18.1
Slovenia,2015,22.6,35.1,9.6,14.5,18.2
Slovenia,2016,22.6,34.7,9.7,14.7,18.3
Slovenia,2017,22.5,34.4,10.0,14.8,18.3
Solomon Islands,2005,20.6,52.0,5.0,9.1,13.3
Solomon Islands,2013,21.5,44.6,7.0,11.4,15.5
South Africa,1993,18.2,64.3,2.9,5.3,9.3
South Africa,1996,17.5,65.9,2.7,5.2,8.7
South Africa,2000,18.8,62.7,3.1,5.6,9.9
South Africa,2005,14.2,71.0,2.6,4.7,7.5
South Africa,2008,15.8,68.7,2.6,4.9,8.1
South Africa,2010,15.9,68.9,2.5,4.7,8.0
South Africa,2014,16.5,68.2,2.4,4.8,8.2
South Sudan,2009,22.8,50.6,3.9,8.6,14.2
Spain,1980,22.6,41.7,6.9,12.1,16.6
Spain,1985,22.2,42.1,7.2,12.2,16.4
Spain,1990,22.7,39.9,7.7,12.7,17.0
Spain,1995,22.6,43.3,6.2,11.7,16.2
Spain,2000,22.5,41.6,7.1,12.2,16.5
Spain,2003,23.2,39.1,7.2,13.0,17.5
Spain,2004,23.2,40.3,6.9,12.5,17.1
Spain,2005,23.2,39.6,7.0,12.8,17.4
Spain,2006,23.2,40.4,6.7,12.5,17.2
Spain,2007,23.1,41.0,6.7,12.2,16.9
Spain,2008,23.1,41.0,6.6,12.3,17.0
Spain,2009,23.2,41.5,6.3,12.2,16.9
Spain,2010,23.2,41.7,6.3,12.0,16.8
Spain,2011,23.5,41.8,6.0,11.8,16.9
Spain,2012,23.4,41.6,6.1,11.9,17.0
Spain,2013,23.7,41.9,5.7,11.7,17.0
Spain,2014,23.6,41.9,5.7,11.8,17.0
Spain,2015,23.5,42.1,5.8,11.7,17.0
Spain,2016,23.5,41.7,5.7,12.0,17.1
Spain,2017,23.4,41.0,6.2,12.2,17.2
Sri Lanka,1985,21.8,41.1,8.3,12.4,16.4
Sri Lanka,1990,21.0,41.7,8.7,12.5,16.0
Sri Lanka,1995,21.1,44.0,8.0,11.7,15.2
Sri Lanka,2002,20.3,48.6,6.8,10.2,14.0
Sri Lanka,2006,20.5,47.9,6.9,10.5,14.2
Sri Lanka,2009,20.9,44.7,7.7,11.5,15.2
Sri Lanka,2012,20.5,47.0,7.1,10.8,14.5
Sri Lanka,2016,20.3,47.6,7.0,10.7,14.5
St. Lucia,1995,21.8,48.3,5.2,9.9,14.8
St. Lucia,2016,20.6,55.4,3.1,7.9,13.0
Sudan,2009,22.9,42.4,6.8,11.7,16.3
Sudan,2014,21.6,42.4,7.8,12.1,16.1
Suriname,1999,19.9,60.2,1.0,6.3,12.6
Sweden,1975,23.2,34.2,10.0,14.5,18.1
Sweden,1981,23.5,32.8,10.0,15.1,18.7
Sweden,1987,23.2,33.2,10.3,15.0,18.3
Sweden,1992,23.2,34.5,9.7,14.5,18.1
Sweden,1995,23.3,34.4,9.4,14.5,18.4
Sweden,2000,22.7,36.6,9.3,13.9,17.5
Sweden,2003,23.1,34.7,9.3,14.6,18.3
Sweden,2004,22.9,35.5,9.3,14.3,17.9
Sweden,2005,23.1,35.6,8.7,14.4,18.2
Sweden,2006,22.9,35.6,9.2,14.3,18.0
Sweden,2007,22.8,36.2,8.9,14.3,17.8
Sweden,2008,22.8,36.9,8.6,14.1,17.6
Sweden,2009,23.0,36.2,8.6,14.3,17.8
Sweden,2010,22.8,36.6,8.6,14.2,17.8
Sweden,2011,23.0,36.3,8.5,14.3,17.8
Sweden,2012,23.0,36.4,8.5,14.3,17.9
Sweden,2013,23.2,37.1,8.1,14.0,17.7
Sweden,2014,22.9,37.0,8.4,14.0,17.7
Sweden,2015,22.8,37.6,8.2,13.9,17.6
Sweden,2016,22.8,37.8,8.1,13.8,17.5
Sweden,2017,23.1,37.1,8.3,13.9,17.6
Switzerland,1982,21.9,43.5,7.4,11.6,15.6
Switzerland,1992,22.6,41.3,7.5,12.2,16.5
Switzerland,2000,22.6,41.3,7.8,12.2,16.2
Switzerland,2002,23.1,39.7,8.1,12.3,16.8
Switzerland,2006,22.7,41.4,7.4,12.0,16.5
Switzerland,2007,22.5,41.8,7.4,12.0,16.4
Switzerland,2008,22.6,41.3,7.5,12.0,16.5
Switzerland,2009,22.7,40.6,7.8,12.3,16.6
Switzerland,2010,22.6,40.4,7.8,12.5,16.8
Switzerland,2011,22.7,39.8,7.9,12.6,17.0
Switzerland,2012,22.5,39.8,8.1,12.7,16.9
Switzerland,2013,22.5,40.5,7.9,12.4,16.6
Switzerland,2014,22.5,40.5,7.8,12.5,16.6
Switzerland,2015,22.6,40.2,7.8,12.5,16.8
Switzerland,2016,22.5,40.8,7.6,12.4,16.6
Switzerland,2017,22.4,40.6,7.7,12.5,16.7
Syrian Arab Republic,2004,21.4,44.0,7.6,11.6,15.4
Tajikistan,1999,22.7,38.1,8.3,13.4,17.4
Tajikistan,2003,22.4,40.9,7.9,12.3,16.5
Tajikistan,2004,21.9,41.9,7.8,12.1,16.4
Tajikistan,2007,22.7,39.7,7.4,13.0,17.1
Tajikistan,2009,22.6,39.3,8.4,12.7,17.1
Tajikistan,2015,22.4,41.7,7.4,12.0,16.4
Tanzania,1991,22.1,43.0,7.0,12.0,15.9
Tanzania,2000,21.9,44.7,6.8,11.3,15.4
Tanzania,2007,21.1,47.2,6.3,10.6,14.7
Tanzania,2011,20.7,45.8,7.4,11.1,14.9
Tanzania,2017,20.4,48.1,6.9,10.5,14.2
Thailand,1981,20.7,51.4,5.4,9.0,13.5
Thailand,1988,20.3,50.7,6.1,9.4,13.5
Thailand,1990,19.8,52.2,5.9,9.1,12.9
Thailand,1992,19.5,54.4,5.4,8.5,12.3
Thailand,1994,20.4,50.4,6.1,9.6,13.5
Thailand,1996,20.4,49.9,6.2,9.8,13.7
Thailand,1998,21.3,48.5,6.4,9.9,14.0
Thailand,1999,20.6,50.1,6.1,9.6,13.6
Thailand,2000,20.9,49.7,6.2,9.6,13.6
Thailand,2002,20.9,48.9,6.3,9.9,14.0
Thailand,2004,20.9,49.3,6.1,9.7,14.0
Thailand,2006,21.4,48.5,6.0,9.9,14.3
Thailand,2007,21.7,46.7,6.5,10.3,14.7
Thailand,2008,21.7,47.2,6.4,10.1,14.6
Thailand,2009,21.8,46.5,6.5,10.3,14.8
Thailand,2010,21.7,46.5,6.6,10.4,14.8
Thailand,2011,21.4,45.1,7.2,11.1,15.1
Thailand,2012,21.8,46.3,6.6,10.4,14.8
Thailand,2013,22.1,45.1,6.9,10.8,15.1
Thailand,2014,22.1,44.5,7.1,11.0,15.3
Thailand,2015,21.9,43.8,7.5,11.3,15.5
Thailand,2016,21.8,44.5,7.3,11.1,15.3
Thailand,2017,22.1,44.1,7.3,11.1,15.5
Thailand,2018,22.2,44.0,7.2,11.1,15.5
Timor-Leste,2001,22.1,43.5,7.3,11.5,15.6
Timor-Leste,2007,22.3,37.5,9.5,13.5,17.2
Timor-Leste,2014,21.8,38.4,9.4,13.4,16.9
Togo,2006,21.2,49.1,6.1,9.7,13.9
Togo,2011,21.5,51.6,4.8,8.7,13.4
Togo,2015,22.4,48.6,5.0,9.5,14.4
Tonga,2001,22.6,44.2,6.2,11.0,15.9
Tonga,2009,22.1,44.6,6.7,11.0,15.5
Tonga,2015,21.2,45.4,6.8,11.4,15.2
Trinidad and Tobago,1988,22.6,48.0,4.9,9.6,14.9
Trinidad and Tobago,1992,22.7,45.9,5.5,10.3,15.5
Tunisia,1985,21.0,49.6,5.5,9.6,14.2
Tunisia,1990,22.1,46.3,5.9,10.4,15.3
Tunisia,1995,21.8,47.9,5.7,9.9,14.7
Tunisia,2000,21.6,47.3,6.0,10.2,14.9
Tunisia,2005,22.1,44.7,6.4,11.2,15.6
Tunisia,2010,22.6,42.9,6.7,11.6,16.1
Tunisia,2015,22.5,40.9,7.8,12.3,16.5
Turkey,1987,20.4,49.9,5.9,9.8,14.0
Turkey,1994,21.6,47.6,5.8,10.1,14.9
Turkey,2002,21.6,47.7,5.8,10.1,14.8
Turkey,2003,21.5,48.4,5.5,10.0,14.6
Turkey,2004,22.4,47.0,5.4,10.1,15.2
Turkey,2005,21.7,48.3,5.2,10.0,14.8
Turkey,2006,22.5,45.6,5.6,10.6,15.7
Turkey,2007,22.7,44.7,5.8,11.0,15.8
Turkey,2008,22.4,45.1,5.7,10.9,15.9
Turkey,2009,22.3,45.4,5.9,10.8,15.6
Turkey,2010,22.3,45.2,5.9,11.0,15.6
Turkey,2011,21.9,46.5,5.8,10.6,15.2
Turkey,2012,22.0,46.6,5.8,10.5,15.1
Turkey,2013,21.9,46.6,5.8,10.5,15.1
Turkey,2014,21.6,47.7,5.8,10.2,14.7
Turkey,2015,21.1,49.2,5.6,9.9,14.2
Turkey,2016,21.6,48.3,5.7,9.9,14.5
Turkey,2017,21.5,47.9,5.8,10.2,14.6
Turkey,2018,21.1,48.5,5.8,10.1,14.5
Turkmenistan,1998,21.5,47.5,6.1,10.1,14.7
Tuvalu,2010,21.3,46.4,6.6,10.8,15.0
Uganda,1989,21.6,49.9,4.9,9.3,14.3
Uganda,1992,20.6,48.2,6.2,10.4,14.6
Uganda,1996,21.1,46.5,6.8,10.8,14.9
Uganda,1999,20.3,49.7,5.9,10.0,14.1
Uganda,2002,19.1,52.1,5.9,9.6,13.3
Uganda,2005,20.4,49.8,6.1,9.9,13.8
Uganda,2009,19.6,51.2,5.9,9.8,13.5
Uganda,2012,20.6,48.3,6.4,10.4,14.3
Uganda,2016,20.4,49.8,6.1,9.8,13.8
Ukraine,1992,23.2,37.8,8.0,13.4,17.7
Ukraine,1993,22.7,37.8,8.8,13.3,17.3
Ukraine,1995,21.9,45.7,6.2,10.8,15.4
Ukraine,1996,22.1,42.7,7.1,12.0,16.2
Ukraine,2002,22.6,38.0,8.8,13.3,17.3
Ukraine,2003,22.3,38.0,9.1,13.4,17.2
Ukraine,2004,22.7,37.9,8.8,13.4,17.3
Ukraine,2005,22.6,38.0,8.8,13.3,17.2
Ukraine,2006,22.3,38.8,8.8,13.1,17.0
Ukraine,2007,22.5,36.6,9.5,13.8,17.6
Ukraine,2008,22.5,36.4,9.6,13.9,17.6
Ukraine,2009,22.5,35.4,10.0,14.2,17.8
Ukraine,2010,22.4,35.2,10.2,14.3,17.9
Ukraine,2011,22.5,34.9,10.2,14.4,18.0
Ukraine,2012,22.6,35.0,10.2,14.3,17.9
Ukraine,2013,22.2,35.1,10.3,14.5,17.9
Ukraine,2014,22.4,34.6,10.5,14.6,18.0
Ukraine,2015,22.4,35.6,10.0,14.3,17.8
Ukraine,2016,22.4,35.1,10.1,14.4,17.9
Ukraine,2017,22.4,36.0,9.8,14.0,17.8
Ukraine,2018,22.3,36.1,9.9,14.1,17.8
United Kingdom,1974,22.5,38.9,8.7,13.1,16.8
United Kingdom,1979,22.8,37.5,9.0,13.5,17.3
United Kingdom,1986,22.9,39.5,7.5,12.8,17.2
United Kingdom,1991,22.8,42.9,6.8,11.6,16.0
United Kingdom,1994,22.2,43.3,6.9,11.5,16.0
United Kingdom,1995,22.7,43.0,6.4,11.7,16.2
United Kingdom,1999,22.4,43.8,6.7,11.3,15.9
United Kingdom,2004,22.3,43.0,6.7,11.8,16.3
United Kingdom,2005,22.8,41.3,6.9,12.2,16.8
United Kingdom,2006,22.4,42.0,7.0,12.1,16.5
United Kingdom,2007,22.0,43.0,6.9,11.9,16.2
United Kingdom,2008,22.5,41.6,7.2,12.2,16.4
United Kingdom,2009,22.5,41.7,7.2,12.0,16.6
United Kingdom,2010,22.5,41.8,7.3,11.9,16.5
United Kingdom,2011,22.8,40.7,7.4,12.2,16.8
United Kingdom,2012,23.1,40.0,7.6,12.3,17.0
United Kingdom,2013,23.1,40.5,7.4,12.2,16.9
United Kingdom,2014,22.9,41.3,7.3,12.0,16.6
United Kingdom,2015,23.0,40.6,7.4,12.2,16.8
United Kingdom,2016,22.5,42.1,7.1,11.9,16.4
United States,1974,23.2,41.8,6.2,12.0,16.7
United States,1979,23.4,41.2,6.4,12.0,16.9
United States,1986,23.6,43.2,5.5,11.2,16.5
United States,1991,23.3,43.9,5.5,11.0,16.3
United States,1994,22.7,45.7,5.3,10.6,15.7
United States,1997,22.4,46.3,5.3,10.5,15.5
United States,2000,22.3,46.0,5.4,10.7,15.6
United States,2004,22.5,45.9,5.2,10.7,15.7
United States,2007,22.4,46.4,5.1,10.5,15.5
United States,2010,22.9,45.7,5.1,10.5,15.7
United States,2013,22.7,46.4,5.1,10.3,15.5
United States,2016,22.6,46.8,5.1,10.3,15.3
Uruguay,1992,22.0,46.4,5.7,10.6,15.4
Uruguay,1995,22.3,47.7,5.1,9.9,15.0
Uruguay,1996,22.1,48.3,5.0,9.9,14.8
Uruguay,1997,22.1,48.3,5.0,9.8,14.8
Uruguay,1998,22.1,49.1,4.7,9.5,14.6
Uruguay,2000,21.9,48.7,5.1,9.7,14.7
Uruguay,2001,21.9,50.3,4.8,9.1,13.9
Uruguay,2002,21.7,50.8,4.7,8.9,13.8
Uruguay,2003,21.4,50.7,5.1,9.0,13.8
Uruguay,2004,21.5,51.2,4.7,8.8,13.8
Uruguay,2005,21.7,50.2,4.8,9.1,14.1
Uruguay,2006,21.2,51.6,4.9,8.8,13.6
Uruguay,2007,21.2,51.9,4.8,8.7,13.4
Uruguay,2008,21.4,50.8,5.0,9.0,13.8
Uruguay,2009,21.5,51.0,4.8,9.0,13.8
Uruguay,2010,21.6,50.1,5.0,9.2,14.0
Uruguay,2011,22.1,48.0,5.4,9.8,14.7
Uruguay,2012,22.8,45.8,5.6,10.4,15.4
Uruguay,2013,22.4,46.4,5.5,10.3,15.3
Uruguay,2014,22.5,46.1,5.6,10.4,15.4
Uruguay,2015,22.6,46.0,5.6,10.4,15.4
Uruguay,2016,22.5,45.8,5.7,10.5,15.4
Uruguay,2017,22.4,45.7,5.9,10.6,15.4
Uruguay,2018,22.5,45.9,5.9,10.4,15.3
Uzbekistan,1998,22.5,49.1,4.0,9.6,14.8
Uzbekistan,2000,21.7,43.7,7.1,11.7,15.9
Uzbekistan,2002,21.1,42.0,8.2,12.6,16.1
Uzbekistan,2003,21.4,43.4,7.4,12.0,15.8
Vanuatu,2010,21.8,44.8,6.7,11.1,15.5
"Venezuela, RB",1981,19.4,59.9,3.1,6.5,11.2
"Venezuela, RB",1987,20.2,58.0,3.4,6.8,11.6
"Venezuela, RB",1989,22.4,49.5,3.7,9.5,14.9
"Venezuela, RB",1992,22.0,48.0,4.8,10.2,15.0
"Venezuela, RB",1995,21.5,52.3,3.8,8.7,13.8
"Venezuela, RB",1998,21.7,53.5,2.9,8.3,13.7
"Venezuela, RB",1999,21.4,52.7,3.5,8.7,13.8
"Venezuela, RB",2001,21.6,52.5,3.5,8.7,13.7
"Venezuela, RB",2002,21.7,54.1,2.6,8.2,13.5
"Venezuela, RB",2003,22.2,53.4,2.2,8.3,13.8
"Venezuela, RB",2004,22.3,52.9,2.3,8.5,14.1
"Venezuela, RB",2005,22.1,54.6,1.5,8.0,13.8
"Venezuela, RB",2006,22.3,50.7,3.2,9.2,14.5
Vietnam,1992,21.3,44.1,7.8,11.5,15.3
Vietnam,1998,21.0,44.2,8.0,11.7,15.2
Vietnam,2002,21.1,45.4,7.5,11.2,14.8
Vietnam,2004,21.8,44.5,7.2,11.3,15.3
Vietnam,2006,22.3,43.3,7.2,11.5,15.8
Vietnam,2008,21.8,43.5,7.4,11.6,15.7
Vietnam,2010,21.4,46.3,6.5,10.8,15.0
Vietnam,2012,22.2,43.0,7.1,11.6,16.1
Vietnam,2014,22.4,42.2,7.1,12.0,16.4
Vietnam,2016,22.4,42.5,6.9,11.9,16.3
Vietnam,2018,22.3,42.9,6.7,11.9,16.3
West Bank and Gaza,2004,22.4,41.8,7.5,12.0,16.3
West Bank and Gaza,2005,22.5,42.3,7.3,11.8,16.1
West Bank and Gaza,2006,21.8,42.2,7.8,12.1,16.1
West Bank and Gaza,2007,22.3,43.0,7.1,11.6,16.1
West Bank and Gaza,2009,21.9,42.6,7.7,11.9,15.9
West Bank and Gaza,2010,21.9,43.2,7.5,11.7,15.7
West Bank and Gaza,2011,22.0,42.5,7.7,11.9,15.9
West Bank and Gaza,2016,23.2,41.1,7.3,11.9,16.6
"Yemen, Rep.",1998,22.6,42.4,7.1,11.8,16.2
"Yemen, Rep.",2005,21.1,43.2,7.9,12.0,15.9
"Yemen, Rep.",2014,21.2,44.7,7.3,11.5,15.3
Zambia,1991,22.1,61.9,0.9,4.3,10.8
Zambia,1993,21.0,56.6,3.0,7.0,12.3
Zambia,1996,20.7,53.6,4.5,8.3,12.9
Zambia,1998,20.5,54.2,4.3,8.1,12.8
Zambia,2002,20.7,48.8,6.1,10.2,14.2
Zambia,2004,19.4,59.0,3.5,6.9,11.2
Zambia,2006,19.1,59.5,3.5,6.8,11.1
Zambia,2010,17.9,61.1,3.8,6.8,10.5
Zambia,2015,19.3,61.3,2.9,6.0,10.6
Zimbabwe,2011,21.0,49.7,5.8,9.5,14.0
Zimbabwe,2017,20.6,51.1,6.0,9.1,13.2
